"Key","Kind","Value","BeforeCount","AfterCount"
"trait_asoiaf_Targaryen_12_trait","Character","Эйгон (Юный Гриф)","1","0"
"trait_asoiaf_Targaryen_13_trait","Character","Эйнар Таргариен","1","0"
"trait_asoiaf_Targaryen_14_trait","Character","Геймон Таргариен","1","0"
"trait_asoiaf_Targaryen_15_trait","Character","Дейнис Таргариен","1","0"
"trait_asoiaf_Targaryen_16_trait","Character","Эйгон Таргариен","1","0"
"trait_asoiaf_Targaryen_17_trait","Character","Элейна Таргариен","1","0"
"trait_asoiaf_Targaryen_20_trait","Character","Эйрис Таргариен","1","0"
"trait_asoiaf_Targaryen_21_trait","Character","Рейлла Таргариен","1","0"
"trait_asoiaf_Targaryen_22_trait","Character","Эйликс Таргариен","1","0"
"trait_asoiaf_Targaryen_23_trait","Character","Бейлон Таргариен","1","0"
"trait_asoiaf_Targaryen_24_trait","Character","Деймион Таргариен","1","0"
"trait_asoiaf_Targaryen_25_trait","Character","Визерра Таргариен","1","0"
"trait_asoiaf_Targaryen_26_trait","Character","Эйрион Таргариен","1","0"
"trait_asoiaf_Targaryen_28_trait","Character","Висенья Таргариен","1","0"
"trait_asoiaf_Targaryen_27_trait","Character","Эйгон Таргариен","1","0"
"trait_asoiaf_Targaryen_29_trait","Character","Рейнис Таргариен","1","0"
"trait_asoiaf_Targaryen_30_trait","Character","Эйнис Таргариен","1","0"
"trait_asoiaf_Targaryen_31_trait","Character","Мейгор Таргариен","1","0"
"trait_asoiaf_Targaryen_32_trait","Character","Рейна Таргариен","1","0"
"trait_asoiaf_Targaryen_33_trait","Character","Эйгон Таргариен","1","0"
"trait_asoiaf_Targaryen_34_trait","Character","Визерис Таргариен","1","0"
"trait_asoiaf_Targaryen_35_trait","Character","Джейхейрис Таргариен","1","0"
"trait_asoiaf_Targaryen_36_trait","Character","Алисанна Таргариен","1","0"
"trait_asoiaf_Targaryen_37_trait","Character","Вейлла Таргариен","1","0"
"trait_asoiaf_Targaryen_38_trait","Character","Эйгон Таргариен","1","0"
"trait_asoiaf_Targaryen_40_trait","Character","Рейнис Таргариен","1","0"
"trait_asoiaf_Targaryen_39_trait","Character","Визерис Таргариен","1","0"
"trait_asoiaf_Targaryen_41_trait","Character","Эйрея Таргариен","1","0"
"trait_asoiaf_Targaryen_42_trait","Character","Рейлла Таргариен","1","0"
"trait_asoiaf_Targaryen_43_trait","Character","Эйгон Таргариен","1","0"
"trait_asoiaf_Targaryen_44_trait","Character","Дейнерис Таргариен","1","0"
"trait_asoiaf_Targaryen_45_trait","Character","Эймон Таргариен","1","0"
"trait_asoiaf_Targaryen_46_trait","Character","Бейлон Таргариен","1","0"
"trait_asoiaf_Targaryen_47_trait","Character","Алисса Таргариен","1","0"
"trait_asoiaf_Targaryen_48_trait","Character","Мейгель Таргариен","1","0"
"trait_asoiaf_Targaryen_49_trait","Character","Вейгон Таргариен","1","0"
"trait_asoiaf_Targaryen_50_trait","Character","Дейлла Таргариен","1","0"
"trait_asoiaf_Targaryen_51_trait","Character","Сейра Таргариен","1","0"
"trait_asoiaf_Targaryen_52_trait","Character","Визерра Таргариен","1","0"
"trait_asoiaf_Targaryen_53_trait","Character","Геймон Таргариен","1","0"
"trait_asoiaf_Targaryen_54_trait","Character","Валерион Таргариен","1","0"
"trait_asoiaf_Targaryen_55_trait","Character","Гейль Таргариен","1","0"
"trait_asoiaf_Targaryen_55_1_trait","Character","Мертворождённый сын Гейль","1","0"
"trait_asoiaf_Targaryen_56_trait","Character","Эйлор","1","0"
"trait_asoiaf_Targaryen_57_trait","Character","Джейкерис","1","0"
"trait_asoiaf_Targaryen_58_trait","Character","Эйгон","1","0"
"trait_asoiaf_Hammer_1_trait","Character","Хью","1","0"
"trait_asoiaf_Hammer_2_trait","Character","Дочь Хью","1","0"
"trait_asoiaf_White_1_trait","Character","Ульф Белый","1","0"
"trait_asoiaf_Farseed_1_trait","Character","Крапива","1","0"
"trait_asoiaf_Targaryen_59_trait","Character","Рейнис Таргариен","1","0"
"trait_asoiaf_Targaryen_60_trait","Character","Визерис Таргариен","1","0"
"trait_asoiaf_Targaryen_61_trait","Character","Деймон Таргариен","1","0"
"trait_asoiaf_Targaryen_62_trait","Character","Эйгон Таргариен","1","0"
"trait_asoiaf_Targaryen_131_trait","Character","Эймон Таргариен","1","0"
"trait_asoiaf_Targaryen_63_trait","Character","Рейнира Таргариен","1","0"
"trait_asoiaf_Targaryen_64_trait","Character","Бейлон Таргариен","1","0"
"trait_asoiaf_Targaryen_65_trait","Character","Эйгон Таргариен","1","0"
"trait_asoiaf_Targaryen_66_trait","Character","Хелейна Таргариен","1","0"
"trait_asoiaf_Targaryen_67_trait","Character","Эймонд Таргариен","1","0"
"trait_asoiaf_Targaryen_68_trait","Character","Дейрон Таргариен","1","0"
"trait_asoiaf_Targaryen_69_trait","Character","Бейла Таргариен","1","0"
"trait_asoiaf_Targaryen_70_trait","Character","Рейна Таргариен","1","0"
"trait_asoiaf_Targaryen_61_1_trait","Character","Эйрион Таргариен","1","0"
"trait_asoiaf_Targaryen_71_trait","Character","Джейхейра Таргариен","1","0"
"trait_asoiaf_Targaryen_72_trait","Character","Джейхейрис Таргариен","1","0"
"trait_asoiaf_Targaryen_73_trait","Character","Мейлор Таргариен","1","0"
"trait_asoiaf_Targaryen_74_trait","Character","Эймонд Таргариен","1","0"
"trait_asoiaf_Targaryen_75_trait","Character","Джейкерис Веларион","1","0"
"trait_asoiaf_Targaryen_76_trait","Character","Люцерис Веларион","1","0"
"trait_asoiaf_Targaryen_77_trait","Character","Джоффри Веларион","1","0"
"trait_asoiaf_Targaryen_78_trait","Character","Эйгон Таргариен","1","0"
"trait_asoiaf_Targaryen_79_trait","Character","Визерис Таргариен","1","0"
"trait_asoiaf_Targaryen_80_trait","Character","Висенья Таргариен","1","0"
"trait_asoiaf_Targaryen_81_trait","Character","Дейрон Таргариен","1","0"
"trait_asoiaf_Targaryen_82_trait","Character","Бейлор Таргариен","1","0"
"trait_asoiaf_Targaryen_83_trait","Character","Дейна Таргариен","1","0"
"trait_asoiaf_Targaryen_84_trait","Character","Рейна Таргариен","1","0"
"trait_asoiaf_Targaryen_85_trait","Character","Элейна Таргариен","1","0"
"trait_asoiaf_Targaryen_88_trait","Character","Эйгон Таргариен","1","0"
"trait_asoiaf_Targaryen_89_trait","Character","Эймон Таргариен","1","0"
"trait_asoiaf_Targaryen_90_trait","Character","Нейрис Таргариен","1","0"
"trait_asoiaf_Targaryen_91_trait","Character","Дейрон Таргариен","1","0"
"trait_asoiaf_Targaryen_134_trait","Character","Визерра Таргариен","1","0"
"trait_asoiaf_Targaryen_132_trait","Character","Визерис Таргариен","1","0"
"trait_asoiaf_Targaryen_133_trait","Character","Бейлон Таргариен","1","0"
"trait_asoiaf_Targaryen_92_trait","Character","Дейнерис Таргариен","1","0"
"trait_asoiaf_Targaryen_93_trait","Character","Эймонд Таргариен","1","0"
"trait_asoiaf_Targaryen_135_trait","Character","Хейгон Таргариен","1","0"
"trait_asoiaf_Targaryen_94_trait","Character","Деймон Блэкфайр","1","0"
"trait_asoiaf_Targaryen_95_trait","Character","Эйгор Жгучий Клинок","1","0"
"trait_asoiaf_Targaryen_96_trait","Character","Бринден Риверс","1","0"
"trait_asoiaf_Targaryen_97_trait","Character","Шира Морская Звезда","1","0"
"trait_asoiaf_Targaryen_98_trait","Character","Алисанна Таргариен","1","0"
"trait_asoiaf_Targaryen_99_trait","Character","Лили Таргариен","1","0"
"trait_asoiaf_Targaryen_100_trait","Character","Ива Таргариен","1","0"
"trait_asoiaf_Targaryen_101_trait","Character","Рози Таргариен","1","0"
"trait_asoiaf_Targaryen_102_trait","Character","Белленора Отерис","1","0"
"trait_asoiaf_Targaryen_103_trait","Character","Нарха Отерис","1","0"
"trait_asoiaf_Targaryen_104_trait","Character","Балерион Отерис","1","0"
"trait_asoiaf_Targaryen_105_trait","Character","Мия Таргариен","1","0"
"trait_asoiaf_Targaryen_106_trait","Character","Гвенис Таргариен","1","0"
"trait_asoiaf_Targaryen_107_trait","Character","Бейлор Таргариен","1","0"
"trait_asoiaf_Targaryen_108_trait","Character","Эйрис Таргариен","1","0"
"trait_asoiaf_Targaryen_109_trait","Character","Рейгель Таргариен","1","0"
"trait_asoiaf_Targaryen_110_trait","Character","Мейкар Таргариен","1","0"
"trait_asoiaf_Targaryen_111_trait","Character","Валлар Таргариен","1","0"
"trait_asoiaf_Targaryen_112_trait","Character","Матэрис Таргариен","1","0"
"trait_asoiaf_Targaryen_113_trait","Character","Дейрон Таргариен","1","0"
"trait_asoiaf_Targaryen_114_trait","Character","Бейлор Таргариен","1","0"
"trait_asoiaf_Targaryen_115_trait","Character","Эйлор Таргариен","1","0"
"trait_asoiaf_Targaryen_116_trait","Character","Эйлора Таргариен","1","0"
"trait_asoiaf_Targaryen_117_trait","Character","Дейнора Таргариен","1","0"
"trait_asoiaf_Targaryen_118_trait","Character","Дейрон Таргариен","1","0"
"trait_asoiaf_Targaryen_119_trait","Character","Эйрион Таргариен","1","0"
"trait_asoiaf_Targaryen_120_trait","Character","Эймон Таргариен","1","0"
"trait_asoiaf_Targaryen_121_trait","Character","Дейлла Таргариен","1","0"
"trait_asoiaf_Targaryen_122_trait","Character","Эйгон Таргариен","1","0"
"trait_asoiaf_Targaryen_123_trait","Character","Рей Таргариен","1","0"
"trait_asoiaf_Targaryen_124_trait","Character","Вейлла Таргариен","1","0"
"trait_asoiaf_Targaryen_125_trait","Character","Мейгор Таргариен","1","0"
"trait_asoiaf_Targaryen_126_trait","Character","Дункан Таргариен","1","0"
"trait_asoiaf_Targaryen_127_trait","Character","Джейхейрис Таргариен","1","0"
"trait_asoiaf_Targaryen_128_trait","Character","Шейра Таргариен","1","0"
"trait_asoiaf_Targaryen_129_trait","Character","Дейрон Таргариен","1","0"
"trait_asoiaf_Targaryen_130_trait","Character","Рейлла Таргариен","1","0"
"trait_asoiaf_Targaryen_1_trait","Character","Эйрис Таргариен","1","0"
"trait_asoiaf_Targaryen_2_trait","Character","Рейлла Таргариен","1","0"
"trait_asoiaf_Targaryen_3_trait","Character","Рейгар Таргариен","1","0"
"trait_asoiaf_Targaryen_4_trait","Character","Шейна Таргариен","1","0"
"trait_asoiaf_Targaryen_5_trait","Character","Дейрон Таргариен","1","0"
"trait_asoiaf_Targaryen_6_trait","Character","Эйгон Таргариен","1","0"
"trait_asoiaf_Targaryen_7_trait","Character","Джейхейрис Таргариен","1","0"
"trait_asoiaf_Targaryen_8_trait","Character","Визерис Таргариен","1","0"
"trait_asoiaf_Targaryen_9_trait","Character","Дейнерис Таргариен","1","0"
"trait_asoiaf_Targaryen_10_trait","Character","Рейнис Таргариен","1","0"
"trait_asoiaf_Targaryen_11_trait","Character","Эйгон Таргариен","1","0"
"trait_asoiaf_Velaryon_10_trait","Character","Джекейрис Веларион","1","0"
"trait_asoiaf_Velaryon_11_trait","Character","Деймон Веларион","1","0"
"trait_asoiaf_Velaryon_12_trait","Character","Валейна Веларион","1","0"
"trait_asoiaf_Velaryon_13_trait","Character","Эйтан Веларион","1","0"
"trait_asoiaf_Velaryon_14_trait","Character","Джекейрис Веларион","1","0"
"trait_asoiaf_Velaryon_15_trait","Character","Корлис Веларион","1","0"
"trait_asoiaf_Velaryon_16_trait","Character","Моника Веларион","1","0"
"trait_asoiaf_Velaryon_20_trait","Character","Деймон Веларион","1","0"
"trait_asoiaf_Velaryon_21_trait","Character","Люцерис Веларион","1","0"
"trait_asoiaf_Velaryon_23_trait","Character","Корлис Веларион","1","0"
"trait_asoiaf_Velaryon_24_trait","Character","Алисса Веларион","1","0"
"trait_asoiaf_Velaryon_25_trait","Character","Корвин Веларион","1","0"
"trait_asoiaf_Velaryon_26_trait","Character","Йорген Веларион","1","0"
"trait_asoiaf_Velaryon_31_trait","Character","Корлис Веларион","1","0"
"trait_asoiaf_Velaryon_34_trait","Character","Лейна Веларион","1","0"
"trait_asoiaf_Velaryon_35_trait","Character","Лейнор Веларион","1","0"
"trait_asoiaf_Velaryon_43_trait","Character","Аддам Веларион","1","0"
"trait_asoiaf_Velaryon_44_trait","Character","Элин Веларион","1","0"
"trait_asoiaf_Velaryon_45_trait","Character","Джон Веларион","1","0"
"trait_asoiaf_Velaryon_53_trait","Character","Дейнейра Веларион","1","0"
"trait_asoiaf_Velaryon_54_trait","Character","Дейрон Веларион","1","0"
"trait_asoiaf_Velaryon_56_trait","Character","Джекейрис Веларион","1","0"
"trait_asoiaf_Velaryon_57_trait","Character","Рогар Веларион","1","0"
"trait_asoiaf_Velaryon_58_trait","Character","Алисса Веларион","1","0"
"trait_asoiaf_Velaryon_59_trait","Character","Аддам Веларион","1","0"
"trait_asoiaf_Velaryon_60_trait","Character","Дейнейра Веларион","1","0"
"trait_asoiaf_Velaryon_61_trait","Character","Валейна Веларион","1","0"
"trait_asoiaf_Velaryon_62_trait","Character","Веймонд Веларион","1","0"
"trait_asoiaf_Velaryon_63_trait","Character","Виктор Веларион","1","0"
"trait_asoiaf_Velaryon_1_trait","Character","Люцерис Веларион","1","0"
"trait_asoiaf_Velaryon_2_trait","Character","Монфорд Веларион","1","0"
"trait_asoiaf_Velaryon_3_trait","Character","Монтерис Веларион","1","0"
"trait_asoiaf_Velaryon_4_trait","Character","Джекейрис Веларион","1","0"
"trait_asoiaf_Velaryon_5_trait","Character","Ауран Веларион","1","0"
"trait_asoiaf_Velaryon_6_trait","Character","Джекейрис Веларион","1","0"
"trait_asoiaf_Velaryon_7_trait","Character","Веймонд Веларион","1","0"
"trait_asoiaf_Velaryon_7_b_trait","Character","Дейнерис Веларион","1","0"
"trait_asoiaf_Velaryon_8_trait","Character","Деймион Веларион","1","0"
"trait_asoiaf_Velaryon_9_trait","Character","Монтерис Веларион","1","0"
"trait_asoiaf_Stark_84_trait","Character","Рикон Старк","1","0"
"trait_asoiaf_Stark_86_trait","Character","Криган Старк","1","0"
"trait_asoiaf_Stark_87_trait","Character","Беннард Старк","1","0"
"trait_asoiaf_Stark_88_trait","Character","Сара Сноу","1","0"
"trait_asoiaf_Stark_94_trait","Character","Рикон Старк","1","0"
"trait_asoiaf_Stark_95_trait","Character","Сарра Старк","1","0"
"trait_asoiaf_Stark_96_trait","Character","Элис Старк","1","0"
"trait_asoiaf_Stark_97_trait","Character","Рая Старк","1","0"
"trait_asoiaf_Stark_98_trait","Character","Мария Старк","1","0"
"trait_asoiaf_Stark_99_trait","Character","Джоннель Старк","1","0"
"trait_asoiaf_Stark_100_trait","Character","Эдрик Старк","1","0"
"trait_asoiaf_Stark_101_trait","Character","Лианна Старк","1","0"
"trait_asoiaf_Stark_102_trait","Character","Бартоган Старк","1","0"
"trait_asoiaf_Stark_103_trait","Character","Брандон Старк","1","0"
"trait_asoiaf_Stark_1_trait","Character","Рикард Старк","1","0"
"trait_asoiaf_Stark_2_trait","Character","Брандон Старк","1","0"
"trait_asoiaf_Stark_3_trait","Character","Эддард Старк","1","0"
"trait_asoiaf_Stark_5_trait","Character","Лианна Старк","1","0"
"trait_asoiaf_Stark_4_trait","Character","Бенджен Старк","1","0"
"trait_asoiaf_Stark_6_trait","Character","Робб Старк","1","0"
"trait_asoiaf_Stark_7_trait","Character","Джон Сноу","1","0"
"trait_asoiaf_Stark_8_trait","Character","Санса Старк","1","0"
"trait_asoiaf_Stark_9_trait","Character","Арья Старк","1","0"
"trait_asoiaf_Stark_10_trait","Character","Брандон Старк","1","0"
"trait_asoiaf_Stark_11_trait","Character","Рикон Старк","1","0"
"trait_asoiaf_Karstark_4_trait","Character","Рикард Карстарк","1","0"
"trait_asoiaf_Reed_1_trait","Character","Хоулен Рид","1","0"
"trait_asoiaf_Reed_2_trait","Character","Мира Рид","1","0"
"trait_asoiaf_Reed_3_trait","Character","Жойен Рид","1","0"
"trait_asoiaf_Baratheon_71_trait","Character","Лионель Баратеон","1","0"
"trait_asoiaf_Baratheon_75_trait","Character","Ормунд Баратеон","1","0"
"trait_asoiaf_Baratheon_1_trait","Character","Стеффон Баратеон","1","0"
"trait_asoiaf_Baratheon_2_trait","Character","Роберт Баратеон","1","0"
"trait_asoiaf_Baratheon_3_trait","Character","Станнис Баратеон","1","0"
"trait_asoiaf_Baratheon_4_trait","Character","Ренли Баратеон","1","0"
"trait_asoiaf_Baratheon_2_1_trait","Character","Аларик Баратеон","1","0"
"trait_asoiaf_Baratheon_5_trait","Character","Джоффри Баратеон","1","0"
"trait_asoiaf_Baratheon_6_trait","Character","Мирцелла Баратеон","1","0"
"trait_asoiaf_Baratheon_7_trait","Character","Томмен Баратеон","1","0"
"trait_asoiaf_Baratheon_3_1_trait","Character","Петир Баратеон","1","0"
"trait_asoiaf_Baratheon_3_2_trait","Character","Томмард Баратеон","1","0"
"trait_asoiaf_Baratheon_3_3_trait","Character","Эдрик Баратеон","1","0"
"trait_asoiaf_Baratheon_13_trait","Character","Ширен Баратеон","1","0"
"trait_asoiaf_Cole_11_trait","Character","Кристон Коль","1","0"
"trait_asoiaf_Lannister_129_trait","Character","Титос Ланнистер","1","0"
"trait_asoiaf_Lannister_1_trait","Character","Тайвин Ланнистер","1","0"
"trait_asoiaf_Lannister_2_trait","Character","Киван Ланнистер","1","0"
"trait_asoiaf_Lannister_3_trait","Character","Дженна Ланнистер","1","0"
"trait_asoiaf_Lannister_4_trait","Character","Тайгетт Ланнистер","1","0"
"trait_asoiaf_Lannister_5_trait","Character","Герион Ланнистер","1","0"
"trait_asoiaf_Lannister_6_trait","Character","Серсея Ланнистер","1","0"
"trait_asoiaf_Lannister_7_trait","Character","Джейме Ланнистер","1","0"
"trait_asoiaf_Lannister_8_trait","Character","Тирион Ланнистер","1","0"
"trait_asoiaf_Lannister_9_trait","Character","Лансель Ланнистер","1","0"
"trait_asoiaf_Lannister_10_trait","Character","Виллем Ланнистер","1","0"
"trait_asoiaf_Lannister_11_trait","Character","Мартин Ланнистер","1","0"
"trait_asoiaf_Lannister_12_trait","Character","Джейни Ланнистер","1","0"
"trait_asoiaf_Arryn_80_trait","Character","Эмма Аррен","1","0"
"trait_asoiaf_Arryn_84_trait","Character","Джейна Аррен","1","0"
"trait_asoiaf_Arryn_3_trait","Character","Джон Аррен","1","0"
"trait_asoiaf_Arryn_7_trait","Character","Джейна Аррен","1","0"
"trait_asoiaf_Arryn_8_trait","Character","Робин Аррен","1","0"
"trait_asoiaf_Arryn_3_1_trait","Character","Первое мертворождённое дитя Лизы","1","0"
"trait_asoiaf_Arryn_3_2_trait","Character","Второе мертворождённое дитя Лизы","1","0"
"trait_asoiaf_Baelish_2_trait","Character","Петир Бейлиш","1","0"
"trait_asoiaf_Hightower_90_trait","Character","Отто Хайтауэр","1","0"
"trait_asoiaf_Hightower_96_trait","Character","Бриндон Хайтауэр","1","0"
"trait_asoiaf_Hightower_97_trait","Character","Алисента Хайтауэр","1","0"
"trait_asoiaf_Hightower_98_trait","Character","Майлс Хайтауэр","1","0"
"trait_asoiaf_Hightower_99_trait","Character","Гвейн Хайтауэр","1","0"
"trait_asoiaf_Tyrell_4_trait","Character","Лютор Тирелл","1","0"
"trait_asoiaf_Tyrell_8_trait","Character","Мейс Тирелл","1","0"
"trait_asoiaf_Tyrell_9_trait","Character","Мина Тирелл","1","0"
"trait_asoiaf_Tyrell_10_trait","Character","Джанна Тирелл","1","0"
"trait_asoiaf_Tyrell_11_trait","Character","Уиллас Тирелл","1","0"
"trait_asoiaf_Tyrell_12_trait","Character","Гарлан Тирелл","1","0"
"trait_asoiaf_Tyrell_13_trait","Character","Лорас Тирелл","1","0"
"trait_asoiaf_Tyrell_14_trait","Character","Маргери Тирелл","1","0"
"trait_asoiaf_Tarly_1_trait","Character","Рэндилл Тарли","1","0"
"trait_asoiaf_Tarly_2_trait","Character","Сэмвелл Тарли","1","0"
"trait_asoiaf_Tarly_3_trait","Character","Талла Тарли","1","0"
"trait_asoiaf_Tarly_4_trait","Character","Саманта Тарли","1","0"
"trait_asoiaf_Tarly_5_trait","Character","Сансара Тарли","1","0"
"trait_asoiaf_Tarly_6_trait","Character","Дикон Тарли","1","0"
"trait_asoiaf_Martell_4_trait","Character","Доран Мартелл","1","0"
"trait_asoiaf_Martell_9_trait","Character","Арианна Мартелл","1","0"
"trait_asoiaf_Martell_10_trait","Character","Квентин Мартелл","1","0"
"trait_asoiaf_Martell_11_trait","Character","Тристан Мартелл","1","0"
"trait_asoiaf_Dayne_1_trait","Character","Берик Дейн","1","0"
"trait_asoiaf_Dayne_3_trait","Character","Улрик Дейн","1","0"
"trait_asoiaf_Dayne_5_trait","Character","Артур Дейн","1","0"
"trait_asoiaf_Dayne_4_trait","Character","Эшара Дейн","1","0"
"trait_asoiaf_Dayne_6_trait","Character","Аллирия Дейн","1","0"
"trait_asoiaf_Dayne_7_trait","Character","Эдрик Дейн","1","0"
"trait_asoiaf_Tully_1_trait","Character","Хостер Талли","1","0"
"trait_asoiaf_Tully_9_trait","Character","Бринден Талли","1","0"
"trait_asoiaf_Tully_2_trait","Character","Эдмунд Талли","1","0"
"trait_asoiaf_Tully_3_trait","Character","Денис Талли","1","0"
"trait_asoiaf_Tully_4_trait","Character","Кейтилин Талли","1","0"
"trait_asoiaf_Tully_5_trait","Character","Леди Каменное Сердце","1","0"
"trait_asoiaf_Tully_6_trait","Character","Лиза Талли","1","0"
"trait_asoiaf_Tully_7_trait","Character","Эдмур Талли","1","0"
"trait_asoiaf_Tully_8_trait","Character","Патрек Талли","1","0"
"trait_asoiaf_Strong_28_trait","Character","Саймон Стронг","1","0"
"trait_asoiaf_Strong_29_trait","Character","Лионель Стронг","1","0"
"trait_asoiaf_Strong_34_trait","Character","Элис Риверс","1","0"
"trait_asoiaf_Strong_30_trait","Character","Харвин Стронг","1","0"
"trait_asoiaf_Strong_31_trait","Character","Ларис Стронг","1","0"
"trait_asoiaf_Strong_32_trait","Character","Кейтилин Стронг","1","0"
"trait_asoiaf_Strong_33_trait","Character","Лиза Стронг","1","0"
"trait_asoiaf_Greyjoy_5_trait","Character","Бейлон Грейджой","1","0"
"trait_asoiaf_Greyjoy_11_trait","Character","Родрик Грейджой","1","0"
"trait_asoiaf_Greyjoy_12_trait","Character","Марон Грейджой","1","0"
"trait_asoiaf_Greyjoy_13_trait","Character","Яра Грейджой","1","0"
"trait_asoiaf_Greyjoy_14_trait","Character","Теон Грейджой","1","0"
"trait_asoiaf_aegon_I_crown_death_trait","Crown","Корона Эйгона I","1","0"
"trait_asoiaf_aegon_I_crown_lotd_death_trait","Crown","Корона Эйгона I (без рубинов)","1","0"
"trait_asoiaf_visenya_crown_death_trait","Crown","Обруч Висеньи","1","0"
"trait_asoiaf_rhaenys_crown_death_trait","Crown","Обруч Рейнис","1","0"
"trait_asoiaf_aenys_I_crown_death_trait","Crown","Корона Эйниса I","1","0"
"trait_asoiaf_jaehaerys_I_crown_death_trait","Crown","Корона Джейхейриса I","1","0"
"trait_asoiaf_alysanne_crown_death_trait","Crown","Корона Алисанны","1","0"
"trait_asoiaf_daemon_stepstone_crown_death_trait","Crown","Корона Деймона Таргариена со Ступеней","1","0"
"trait_asoiaf_daemon_queen_stepstone_crown_death_trait","Crown","Обруч Деймона Таргариена со Ступеней","1","0"
"trait_asoiaf_aegon_III_crown_death_trait","Crown","Корона Эйгона III","1","0"
"trait_asoiaf_baelor_I_crown_death_trait","Crown","Цветочная корона","1","0"
"trait_asoiaf_aegon_IV_crown_death_trait","Crown","Корона Эйгона IV","1","0"
"trait_asoiaf_daemonblackfyre_crown_death_trait","Crown","Корона Деймона I Блэкфайра","1","0"
"trait_asoiaf_necklace_shieraseastar_crown_death_trait","Crown","Ожерелье Ширы Морской Звезды","1","0"
"trait_asoiaf_maekar_crown_death_trait","Crown","Корона Мейкара I","1","0"
"trait_asoiaf_aerys_II_crown_death_trait","Crown","Корона Эйриса II","1","0"
"trait_asoiaf_rhaella_crown_death_trait","Crown","Корона Рейллы","1","0"
"trait_asoiaf_robert_I_crown_death_trait","Crown","Корона Роберта I","1","0"
"trait_asoiaf_robert_I_crown_vanilla_death_trait","Crown","Корона Роберта I","1","0"
"trait_asoiaf_joffrey_I_crown_death_trait","Crown","Корона Льва и Оленя","1","0"
"trait_asoiaf_joffrey_I_crown_vanilla_death_trait","Crown","Корона Джоффри I","1","0"
"trait_asoiaf_stannis_crown_death_trait","Crown","Корона Станниса","1","0"
"trait_asoiaf_renly_crown_death_trait","Crown","Корона Ренли","1","0"
"trait_asoiaf_renly_crown_vanilla_death_trait","Crown","Корона Ренли","1","0"
"trait_asoiaf_daenerys_crown_death_trait","Crown","Корона Дейнерис","1","0"
"trait_asoiaf_driftwood_1_crown_death_trait","Crown","Корона из плавника","1","0"
"trait_asoiaf_valyrian_2_crown_death_trait","Crown","Валирийская корона","1","0"
"trait_asoiaf_westerosi_valyrian_1_crown_death_trait","Crown","Корона Красного Дракона","1","0"
"trait_asoiaf_westerosi_valyrian_2_crown_death_trait","Crown","Корона Пламени и Крови","1","0"
"trait_asoiaf_beyondthewall_crown_death_trait","Crown","Корона Королевства за Стеной","1","0"
"trait_asoiaf_iron_isles_crown_death_trait","Crown","Корона Железных королей","1","0"
"trait_asoiaf_riverlands_crown_death_trait","Crown","Корона Трезубца","1","0"
"trait_asoiaf_blackwood_crown_death_trait","Crown","Корона Блэквудов","1","0"
"trait_asoiaf_bolton_crown_death_trait","Crown","Корона Болтонов","1","0"
"trait_asoiaf_cargyll_crown_death_trait","Crown","Корона Каргиллов","1","0"
"trait_asoiaf_crown_of_winter_crown_death_trait","Crown","Корона Зимы","1","0"
"trait_asoiaf_crown_of_winter_crown_vanilla_death_trait","Crown","Корона Зимы","1","0"
"trait_asoiaf_dayne_crown_death_trait","Crown","Корона Звездопада","1","0"
"trait_asoiaf_dorne_crown_death_trait","Crown","Корона Дорна","1","0"
"trait_asoiaf_dustin_crown_death_trait","Crown","Корона Дастинов","1","0"
"trait_asoiaf_falcon_crown_death_trait","Crown","Соколиная корона","1","0"
"trait_asoiaf_florent_crown_death_trait","Crown","Корона Флорентов","1","0"
"trait_asoiaf_frey_crown_death_trait","Crown","Корона Переправы","1","0"
"trait_asoiaf_greyjoy_crown_death_trait","Crown","Корона Грейджоев","1","0"
"trait_asoiaf_harlaw_crown_death_trait","Crown","Корона Харлоу","1","0"
"trait_asoiaf_hightower_crown_death_trait","Crown","Корона Хайтауэров","1","0"
"trait_asoiaf_iron_stag_crown_death_trait","Crown","Корона Железного Оленя","1","0"
"trait_asoiaf_manderly_crown_death_trait","Crown","Корона Мандерли","1","0"
"trait_asoiaf_reach_crown_death_trait","Crown","Корона Тиреллов","1","0"
"trait_asoiaf_redwyne_crown_death_trait","Crown","Корона Редвинов","1","0"
"trait_asoiaf_reed_crown_death_trait","Crown","Корона Ридов","1","0"
"trait_asoiaf_royce_crown_death_trait","Crown","Руническая корона","1","0"
"trait_asoiaf_stormlands_crown_death_trait","Crown","Корона Штормовых королей","1","0"
"trait_asoiaf_tarly_crown_death_trait","Crown","Корона Тарли","1","0"
"trait_asoiaf_tarth_crown_death_trait","Crown","Корона Тарта","1","0"
"trait_asoiaf_tully_crown_death_trait","Crown","Корона Талли","1","0"
"trait_asoiaf_umber_crown_death_trait","Crown","Корона Амберов","1","0"
"trait_asoiaf_westerlands_crown_death_trait","Crown","Венец Утёса","1","0"
"trait_asoiaf_westerlands_2_crown_death_trait","Crown","Корона Утёса","1","0"
"trait_asoiaf_wall_crown_death_trait","Crown","Корона Стены","1","0"
"trait_asoiaf_westerling_crown_death_trait","Crown","Корона Скалы","1","0"
"trait_asoiaf_tides_crown_death_trait","Crown","Корона Приливов","1","0"
"trait_asoiaf_gardener_peace_crown_death_trait","Crown","Мирная корона Гарденеров","1","0"
"trait_asoiaf_gardener_war_iron_crown_death_trait","Crown","Железная боевая корона Гарденеров","1","0"
"trait_asoiaf_mudd_crown_death_trait","Crown","Корона Маддов","1","0"
"trait_asoiaf_grey_king_rusted_crown_death_trait","Crown","Корона Серого Короля (Ржавая)","1","0"
"trait_asoiaf_nights_king_crown_death_trait","Crown","Корона Короля Ночи","1","0"
"trait_asoiaf_nights_king_replica_crown_death_trait","Crown","Корона Короля Ночи (копия)","1","0"
"trait_asoiaf_true_winter_crown_death_trait","Crown","Ледяная корона","1","0"
"trait_asoiaf_crown_of_the_seven_crown_death_trait","Crown","Корона Семерых","1","0"
"trait_asoiaf_old_gods_crown_death_trait","Crown","Корона Старых богов","1","0"
"trait_asoiaf_rhllor_crown_death_trait","Crown","Корона Рглора","1","0"
"trait_asoiaf_circlet_of_rhllor_crown_death_trait","Crown","Обруч Рглора","1","0"
"trait_asoiaf_hugor_crown_death_trait","Crown","Корона Хугора","1","0"
"trait_asoiaf_jeyne_westerling_crown_death_trait","Crown","Корона Джейн Вестерлинг","1","0"
"trait_asoiaf_winter_roses_crown_death_trait","Crown","Корона из зимних роз","1","0"
"trait_asoiaf_qolab_generic_crown_death_trait","Crown","Венок Любви и Красоты","1","0"
"trait_asoiaf_qolab_baelor_crown_death_trait","Crown","Цветочная корона","1","0"
"trait_asoiaf_qolab_gardener_crown_death_trait","Crown","Мирная корона Гарденеров","1","0"
"trait_asoiaf_qolab_03_crown_death_trait","Crown","Корона из красных роз","1","0"
"trait_asoiaf_qolab_04_crown_death_trait","Crown","Корона из золотых роз","1","0"
"trait_asoiaf_qolab_05_crown_death_trait","Crown","Корона из розовых роз","1","0"
"trait_asoiaf_qolab_06_crown_death_trait","Crown","Корона из белых роз","1","0"
"trait_asoiaf_qolab_winter_roses_crown_death_trait","Crown","Корона из зимних роз","1","0"
"trait_asoiaf_deep_winter_roses_crown_death_trait","Crown","Корона из глубоких зимних роз","1","0"
"trait_asoiaf_crown_of_bear_island_crown_death_trait","Crown","Корона Мормонтов","1","0"
"trait_asoiaf_crown_of_hearts_home_crown_death_trait","Crown","Корона Корбреев","1","0"
"trait_asoiaf_crown_of_darklyn_crown_death_trait","Crown","Корона Дарклинов","1","0"
"trait_asoiaf_crown_of_dondarrion_crown_death_trait","Crown","Корона Дондаррионов","1","0"
"trait_asoiaf_crown_of_castamere_crown_death_trait","Crown","Корона Рейнов","1","0"
"trait_asoiaf_crown_of_deep_den_crown_death_trait","Crown","Корона Лидденов","1","0"
"trait_asoiaf_crown_of_hellholt_crown_death_trait","Crown","Корона Уллеров","1","0"
"trait_asoiaf_crown_of_the_banefort_crown_death_trait","Crown","Корона Бэйнфортов","1","0"
"trait_asoiaf_crown_of_crakehall_crown_death_trait","Crown","Корона Крейкхоллов","1","0"
"Alyrie","Name","$Alerie$","1","0"
