BeforeCount,AfterCount,Difference,Component,Message,Signature
0,1,1,jomini_eventmanager.cpp:428,"Duplicated event ID 'agot_activity_commission_crown.0001' found. New Location: 'file: events/activities/agot_coronation_activity/agot_activity_events_crown_commission.txt line: 3 (agot_activity_commission_crown.0001)', Previous Location: 'file: events/activities/agot_coronation_activity/agot_activity_events_crown_commission.txt line: 3 (agot_activity_commission_crown.0001)'","jomini_eventmanager.cpp:428 Duplicated event ID 'agot_activity_commission_crown.0001' found. New Location: 'file: events/activities/agot_coronation_activity/agot_activity_events_crown_commission.txt line: * (agot_activity_commission_crown.0001)', Previous Location: 'file: events/activities/agot_coronation_activity/agot_activity_events_crown_commission.txt line: * (agot_activity_commission_crown.0001)'"
1,0,-1,jomini_eventmanager.cpp:428,"Duplicated event ID 'agot_activity_commission_crown.0001' found. New Location: 'file: events/activities/agot_coronation_activity/agot_coronation_crown_commission_events.txt line: 3 (agot_activity_commission_crown.0001)', Previous Location: 'file: events/activities/agot_coronation_activity/agot_coronation_crown_commission_events.txt line: 3 (agot_activity_commission_crown.0001)'","jomini_eventmanager.cpp:428 Duplicated event ID 'agot_activity_commission_crown.0001' found. New Location: 'file: events/activities/agot_coronation_activity/agot_coronation_crown_commission_events.txt line: * (agot_activity_commission_crown.0001)', Previous Location: 'file: events/activities/agot_coronation_activity/agot_coronation_crown_commission_events.txt line: * (agot_activity_commission_crown.0001)'"
1,0,-1,portraitcontext.cpp:151,Unknown legwear gene accessory group agot_trousers at file: common/bookmark_portraits/challenge_character_282_walder_frey.txt line: 190 (challenge_character_282_walder_frey),portraitcontext.cpp:151 Unknown legwear gene accessory group agot_trousers at file: common/bookmark_portraits/challenge_character_282_walder_frey.txt line: * (challenge_character_282_walder_frey)
1,0,-1,portraitcontext.cpp:151,Unknown legwear gene accessory group asoiaf_lannister_war_legs at file: common/bookmark_portraits/bookmark_236_tion_lannister.txt line: 185 (bookmark_236_tion_lannister),portraitcontext.cpp:151 Unknown legwear gene accessory group asoiaf_lannister_war_legs at file: common/bookmark_portraits/bookmark_236_tion_lannister.txt line: * (bookmark_236_tion_lannister)
1,0,-1,portraitcontext.cpp:151,Unknown legwear gene accessory group kingsguard_war_01_legwear at file: common/bookmark_portraits/bookmark_277_barristan_selmy.txt line: 193 (bookmark_277_barristan_selmy),portraitcontext.cpp:151 Unknown legwear gene accessory group kingsguard_war_01_legwear at file: common/bookmark_portraits/bookmark_277_barristan_selmy.txt line: * (bookmark_277_barristan_selmy)
1,0,-1,portraitcontext.cpp:151,Unknown legwear gene accessory group maester_legwear at file: common/bookmark_portraits/bookmark_284_cressen.txt line: 182 (bookmark_284_cressen),portraitcontext.cpp:151 Unknown legwear gene accessory group maester_legwear at file: common/bookmark_portraits/bookmark_284_cressen.txt line: * (bookmark_284_cressen)
1,0,-1,portraitcontext.cpp:184,No gene with key: gene_bs_eye_fold_2 in group human at file: common/dna_data/test_dna_crownlands.txt line: 3588 (Cressen_asoiaf_1),portraitcontext.cpp:184 No gene with key: gene_bs_eye_fold_2 in group human at file: common/dna_data/test_dna_crownlands.txt line: * (Cressen_asoiaf_1)
1,0,-1,portraitcontext.cpp:184,No gene with key: gene_bs_eye_fold_2 in group human at file: common/dna_data/test_dna_crownlands.txt line: 4000 (Pycelle_asoiaf_1),portraitcontext.cpp:184 No gene with key: gene_bs_eye_fold_2 in group human at file: common/dna_data/test_dna_crownlands.txt line: * (Pycelle_asoiaf_1)
1,0,-1,portraitcontext.cpp:184,No gene with key: gene_bs_eye_fold_2 in group human at file: common/dna_data/test_dna_crownlands.txt line: 160 (Slynt_asoiaf_1),portraitcontext.cpp:184 No gene with key: gene_bs_eye_fold_2 in group human at file: common/dna_data/test_dna_crownlands.txt line: * (Slynt_asoiaf_1)
1,0,-1,portraitcontext.cpp:184,No gene with key: gene_bs_eye_fold_2 in group human at file: common/dna_data/test_dna_dornish.txt line: 1992 (Dayne_asoiaf_4),portraitcontext.cpp:184 No gene with key: gene_bs_eye_fold_2 in group human at file: common/dna_data/test_dna_dornish.txt line: * (Dayne_asoiaf_4)
1,0,-1,portraitcontext.cpp:184,No gene with key: gene_bs_eye_fold_2 in group human at file: common/dna_data/test_dna_dornish.txt line: 1783 (Dayne_asoiaf_5),portraitcontext.cpp:184 No gene with key: gene_bs_eye_fold_2 in group human at file: common/dna_data/test_dna_dornish.txt line: * (Dayne_asoiaf_5)
1,0,-1,portraitcontext.cpp:184,No gene with key: gene_bs_eye_fold_2 in group human at file: common/dna_data/test_dna_dornish.txt line: 978 (Martell_asoiaf_10),portraitcontext.cpp:184 No gene with key: gene_bs_eye_fold_2 in group human at file: common/dna_data/test_dna_dornish.txt line: * (Martell_asoiaf_10)
1,0,-1,portraitcontext.cpp:184,No gene with key: gene_bs_eye_fold_2 in group human at file: common/dna_data/test_dna_essos.txt line: 1764 (Eunuch_asoiaf_1),portraitcontext.cpp:184 No gene with key: gene_bs_eye_fold_2 in group human at file: common/dna_data/test_dna_essos.txt line: * (Eunuch_asoiaf_1)
1,0,-1,portraitcontext.cpp:184,No gene with key: gene_bs_eye_fold_2 in group human at file: common/dna_data/test_dna_essos.txt line: 746 (Mysaria_asoiaf_1),portraitcontext.cpp:184 No gene with key: gene_bs_eye_fold_2 in group human at file: common/dna_data/test_dna_essos.txt line: * (Mysaria_asoiaf_1)
1,0,-1,portraitcontext.cpp:184,No gene with key: gene_bs_eye_fold_2 in group human at file: common/dna_data/test_dna_essos.txt line: 1352 (Saan_asoiaf_2),portraitcontext.cpp:184 No gene with key: gene_bs_eye_fold_2 in group human at file: common/dna_data/test_dna_essos.txt line: * (Saan_asoiaf_2)
1,0,-1,portraitcontext.cpp:184,No gene with key: gene_bs_eye_fold_2 in group human at file: common/dna_data/test_dna_essos.txt line: 1557 (Thoros_asoiaf_1),portraitcontext.cpp:184 No gene with key: gene_bs_eye_fold_2 in group human at file: common/dna_data/test_dna_essos.txt line: * (Thoros_asoiaf_1)
1,0,-1,portraitcontext.cpp:184,No gene with key: gene_bs_eye_fold_2 in group human at file: common/dna_data/test_dna_iron_isles.txt line: 366 (Greyjoy_asoiaf_6),portraitcontext.cpp:184 No gene with key: gene_bs_eye_fold_2 in group human at file: common/dna_data/test_dna_iron_isles.txt line: * (Greyjoy_asoiaf_6)
1,0,-1,portraitcontext.cpp:184,No gene with key: gene_bs_eye_fold_2 in group human at file: common/dna_data/test_dna_iron_isles.txt line: 579 (Greyjoy_asoiaf_9),portraitcontext.cpp:184 No gene with key: gene_bs_eye_fold_2 in group human at file: common/dna_data/test_dna_iron_isles.txt line: * (Greyjoy_asoiaf_9)
1,0,-1,portraitcontext.cpp:184,No gene with key: gene_bs_eye_fold_2 in group human at file: common/dna_data/test_dna_north.txt line: 5223 (Bolton_asoiaf_1),portraitcontext.cpp:184 No gene with key: gene_bs_eye_fold_2 in group human at file: common/dna_data/test_dna_north.txt line: * (Bolton_asoiaf_1)
1,0,-1,portraitcontext.cpp:184,No gene with key: gene_bs_eye_fold_2 in group human at file: common/dna_data/test_dna_north.txt line: 5432 (Bolton_asoiaf_4),portraitcontext.cpp:184 No gene with key: gene_bs_eye_fold_2 in group human at file: common/dna_data/test_dna_north.txt line: * (Bolton_asoiaf_4)
1,0,-1,portraitcontext.cpp:184,No gene with key: gene_bs_eye_fold_2 in group human at file: common/dna_data/test_dna_north.txt line: 5641 (Bolton_asoiaf_5),portraitcontext.cpp:184 No gene with key: gene_bs_eye_fold_2 in group human at file: common/dna_data/test_dna_north.txt line: * (Bolton_asoiaf_5)
1,0,-1,portraitcontext.cpp:184,No gene with key: gene_bs_eye_fold_2 in group human at file: common/dna_data/test_dna_north.txt line: 4222 (Cassel_asoiaf_3),portraitcontext.cpp:184 No gene with key: gene_bs_eye_fold_2 in group human at file: common/dna_data/test_dna_north.txt line: * (Cassel_asoiaf_3)
1,0,-1,portraitcontext.cpp:184,No gene with key: gene_bs_eye_fold_2 in group human at file: common/dna_data/test_dna_north.txt line: 7897 (Degore_asoiaf_1),portraitcontext.cpp:184 No gene with key: gene_bs_eye_fold_2 in group human at file: common/dna_data/test_dna_north.txt line: * (Degore_asoiaf_1)
1,0,-1,portraitcontext.cpp:184,No gene with key: gene_bs_eye_fold_2 in group human at file: common/dna_data/test_dna_north.txt line: 8717 (Glover_asoiaf_5),portraitcontext.cpp:184 No gene with key: gene_bs_eye_fold_2 in group human at file: common/dna_data/test_dna_north.txt line: * (Glover_asoiaf_5)
1,0,-1,portraitcontext.cpp:184,No gene with key: gene_bs_eye_fold_2 in group human at file: common/dna_data/test_dna_north.txt line: 6266 (Manderly_asoiaf_6),portraitcontext.cpp:184 No gene with key: gene_bs_eye_fold_2 in group human at file: common/dna_data/test_dna_north.txt line: * (Manderly_asoiaf_6)
1,0,-1,portraitcontext.cpp:184,No gene with key: gene_bs_eye_fold_2 in group human at file: common/dna_data/test_dna_north.txt line: 6471 (Manderly_asoiaf_7),portraitcontext.cpp:184 No gene with key: gene_bs_eye_fold_2 in group human at file: common/dna_data/test_dna_north.txt line: * (Manderly_asoiaf_7)
1,0,-1,portraitcontext.cpp:184,No gene with key: gene_bs_eye_fold_2 in group human at file: common/dna_data/test_dna_north.txt line: 6676 (Manderly_asoiaf_8),portraitcontext.cpp:184 No gene with key: gene_bs_eye_fold_2 in group human at file: common/dna_data/test_dna_north.txt line: * (Manderly_asoiaf_8)
1,0,-1,portraitcontext.cpp:184,No gene with key: gene_bs_eye_fold_2 in group human at file: common/dna_data/test_dna_north.txt line: 762 (Stark_asoiaf_1),portraitcontext.cpp:184 No gene with key: gene_bs_eye_fold_2 in group human at file: common/dna_data/test_dna_north.txt line: * (Stark_asoiaf_1)
1,0,-1,portraitcontext.cpp:184,No gene with key: gene_bs_eye_fold_2 in group human at file: common/dna_data/test_dna_north.txt line: 1786 (Stark_asoiaf_6),portraitcontext.cpp:184 No gene with key: gene_bs_eye_fold_2 in group human at file: common/dna_data/test_dna_north.txt line: * (Stark_asoiaf_6)
1,0,-1,portraitcontext.cpp:184,No gene with key: gene_bs_eye_fold_2 in group human at file: common/dna_data/test_dna_north.txt line: 8102 (Tuttle_asoiaf_4),portraitcontext.cpp:184 No gene with key: gene_bs_eye_fold_2 in group human at file: common/dna_data/test_dna_north.txt line: * (Tuttle_asoiaf_4)
1,0,-1,portraitcontext.cpp:184,No gene with key: gene_bs_eye_fold_2 in group human at file: common/dna_data/test_dna_north.txt line: 8307 (Tuttle_asoiaf_5),portraitcontext.cpp:184 No gene with key: gene_bs_eye_fold_2 in group human at file: common/dna_data/test_dna_north.txt line: * (Tuttle_asoiaf_5)
1,0,-1,portraitcontext.cpp:184,No gene with key: gene_bs_eye_fold_2 in group human at file: common/dna_data/test_dna_reach.txt line: 3804 (Florent_asoiaf_8),portraitcontext.cpp:184 No gene with key: gene_bs_eye_fold_2 in group human at file: common/dna_data/test_dna_reach.txt line: * (Florent_asoiaf_8)
1,0,-1,portraitcontext.cpp:184,No gene with key: gene_bs_eye_fold_2 in group human at file: common/dna_data/test_dna_reach.txt line: 6443 (Hightower_asoiaf_14),portraitcontext.cpp:184 No gene with key: gene_bs_eye_fold_2 in group human at file: common/dna_data/test_dna_reach.txt line: * (Hightower_asoiaf_14)
1,0,-1,portraitcontext.cpp:184,No gene with key: gene_bs_eye_fold_2 in group human at file: common/dna_data/test_dna_reach.txt line: 6234 (Hightower_asoiaf_9),portraitcontext.cpp:184 No gene with key: gene_bs_eye_fold_2 in group human at file: common/dna_data/test_dna_reach.txt line: * (Hightower_asoiaf_9)
1,0,-1,portraitcontext.cpp:184,No gene with key: gene_bs_eye_fold_2 in group human at file: common/dna_data/test_dna_reach.txt line: 1590 (Redwyne_asoiaf_2),portraitcontext.cpp:184 No gene with key: gene_bs_eye_fold_2 in group human at file: common/dna_data/test_dna_reach.txt line: * (Redwyne_asoiaf_2)
1,0,-1,portraitcontext.cpp:184,No gene with key: gene_bs_eye_fold_2 in group human at file: common/dna_data/test_dna_reach.txt line: 2602 (Tarly_asoiaf_2),portraitcontext.cpp:184 No gene with key: gene_bs_eye_fold_2 in group human at file: common/dna_data/test_dna_reach.txt line: * (Tarly_asoiaf_2)
1,0,-1,portraitcontext.cpp:184,No gene with key: gene_bs_eye_fold_2 in group human at file: common/dna_data/test_dna_reach.txt line: 2811 (Tarly_asoiaf_3),portraitcontext.cpp:184 No gene with key: gene_bs_eye_fold_2 in group human at file: common/dna_data/test_dna_reach.txt line: * (Tarly_asoiaf_3)
1,0,-1,portraitcontext.cpp:184,No gene with key: gene_bs_eye_fold_2 in group human at file: common/dna_data/test_dna_reach.txt line: 565 (Tyrell_asoiaf_11),portraitcontext.cpp:184 No gene with key: gene_bs_eye_fold_2 in group human at file: common/dna_data/test_dna_reach.txt line: * (Tyrell_asoiaf_11)
1,0,-1,portraitcontext.cpp:184,No gene with key: gene_bs_eye_fold_2 in group human at file: common/dna_data/test_dna_reach.txt line: 774 (Tyrell_asoiaf_12),portraitcontext.cpp:184 No gene with key: gene_bs_eye_fold_2 in group human at file: common/dna_data/test_dna_reach.txt line: * (Tyrell_asoiaf_12)
1,0,-1,portraitcontext.cpp:184,No gene with key: gene_bs_eye_fold_2 in group human at file: common/dna_data/test_dna_reach.txt line: 1185 (Tyrell_asoiaf_14),portraitcontext.cpp:184 No gene with key: gene_bs_eye_fold_2 in group human at file: common/dna_data/test_dna_reach.txt line: * (Tyrell_asoiaf_14)
1,0,-1,portraitcontext.cpp:184,No gene with key: gene_bs_eye_fold_2 in group human at file: common/dna_data/test_dna_reach.txt line: 356 (Tyrell_asoiaf_8),portraitcontext.cpp:184 No gene with key: gene_bs_eye_fold_2 in group human at file: common/dna_data/test_dna_reach.txt line: * (Tyrell_asoiaf_8)
1,0,-1,portraitcontext.cpp:184,No gene with key: gene_bs_eye_fold_2 in group human at file: common/dna_data/test_dna_riverlands.txt line: 2014 (Strong_asoiaf_31),portraitcontext.cpp:184 No gene with key: gene_bs_eye_fold_2 in group human at file: common/dna_data/test_dna_riverlands.txt line: * (Strong_asoiaf_31)
1,0,-1,portraitcontext.cpp:184,No gene with key: gene_bs_eye_fold_2 in group human at file: common/dna_data/test_dna_riverlands.txt line: 578 (Tully_asoiaf_6),portraitcontext.cpp:184 No gene with key: gene_bs_eye_fold_2 in group human at file: common/dna_data/test_dna_riverlands.txt line: * (Tully_asoiaf_6)
1,0,-1,portraitcontext.cpp:184,No gene with key: gene_bs_eye_fold_2 in group human at file: common/dna_data/test_dna_riverlands.txt line: 788 (Tully_asoiaf_7),portraitcontext.cpp:184 No gene with key: gene_bs_eye_fold_2 in group human at file: common/dna_data/test_dna_riverlands.txt line: * (Tully_asoiaf_7)
1,0,-1,portraitcontext.cpp:184,No gene with key: gene_bs_eye_fold_2 in group human at file: common/dna_data/test_dna_riverlands.txt line: 997 (Tully_asoiaf_9),portraitcontext.cpp:184 No gene with key: gene_bs_eye_fold_2 in group human at file: common/dna_data/test_dna_riverlands.txt line: * (Tully_asoiaf_9)
1,0,-1,portraitcontext.cpp:184,No gene with key: gene_bs_eye_fold_2 in group human at file: common/dna_data/test_dna_stormlands.txt line: 2952 (Baratheon_asoiaf_13),portraitcontext.cpp:184 No gene with key: gene_bs_eye_fold_2 in group human at file: common/dna_data/test_dna_stormlands.txt line: * (Baratheon_asoiaf_13)
1,0,-1,portraitcontext.cpp:184,No gene with key: gene_bs_eye_fold_2 in group human at file: common/dna_data/test_dna_stormlands.txt line: 1952 (Baratheon_asoiaf_2_1),portraitcontext.cpp:184 No gene with key: gene_bs_eye_fold_2 in group human at file: common/dna_data/test_dna_stormlands.txt line: * (Baratheon_asoiaf_2_1)
1,0,-1,portraitcontext.cpp:184,No gene with key: gene_bs_eye_fold_2 in group human at file: common/dna_data/test_dna_stormlands.txt line: 4804 (Cole_asoiaf_11),portraitcontext.cpp:184 No gene with key: gene_bs_eye_fold_2 in group human at file: common/dna_data/test_dna_stormlands.txt line: * (Cole_asoiaf_11)
1,0,-1,portraitcontext.cpp:184,No gene with key: gene_bs_eye_fold_2 in group human at file: common/dna_data/test_dna_stormlands.txt line: 5011 (Melisandre_asoiaf_1),portraitcontext.cpp:184 No gene with key: gene_bs_eye_fold_2 in group human at file: common/dna_data/test_dna_stormlands.txt line: * (Melisandre_asoiaf_1)
1,0,-1,portraitcontext.cpp:184,No gene with key: gene_bs_eye_fold_2 in group human at file: common/dna_data/test_dna_stormlands.txt line: 5220 (Seaworth_asoiaf_1),portraitcontext.cpp:184 No gene with key: gene_bs_eye_fold_2 in group human at file: common/dna_data/test_dna_stormlands.txt line: * (Seaworth_asoiaf_1)
1,0,-1,portraitcontext.cpp:184,No gene with key: gene_bs_eye_fold_2 in group human at file: common/dna_data/test_dna_stormlands.txt line: 4388 (Selmy_asoiaf_3),portraitcontext.cpp:184 No gene with key: gene_bs_eye_fold_2 in group human at file: common/dna_data/test_dna_stormlands.txt line: * (Selmy_asoiaf_3)
1,0,-1,portraitcontext.cpp:184,No gene with key: gene_bs_eye_fold_2 in group human at file: common/dna_data/test_dna_stormlands.txt line: 4178 (Tarth_asoiaf_6),portraitcontext.cpp:184 No gene with key: gene_bs_eye_fold_2 in group human at file: common/dna_data/test_dna_stormlands.txt line: * (Tarth_asoiaf_6)
1,0,-1,portraitcontext.cpp:184,No gene with key: gene_bs_eye_fold_2 in group human at file: common/dna_data/test_dna_stormlands.txt line: 4597 (Trant_asoiaf_2),portraitcontext.cpp:184 No gene with key: gene_bs_eye_fold_2 in group human at file: common/dna_data/test_dna_stormlands.txt line: * (Trant_asoiaf_2)
1,0,-1,portraitcontext.cpp:184,No gene with key: gene_bs_eye_fold_2 in group human at file: common/dna_data/test_dna_vale.txt line: 569 (Arryn_asoiaf_3),portraitcontext.cpp:184 No gene with key: gene_bs_eye_fold_2 in group human at file: common/dna_data/test_dna_vale.txt line: * (Arryn_asoiaf_3)
1,0,-1,portraitcontext.cpp:184,No gene with key: gene_bs_eye_fold_2 in group human at file: common/dna_data/test_dna_vale.txt line: 1985 (Royce_asoiaf_1),portraitcontext.cpp:184 No gene with key: gene_bs_eye_fold_2 in group human at file: common/dna_data/test_dna_vale.txt line: * (Royce_asoiaf_1)
1,0,-1,portraitcontext.cpp:184,No gene with key: gene_bs_eye_fold_2 in group human at file: common/dna_data/test_dna_vale.txt line: 1778 (Royce_asoiaf_37),portraitcontext.cpp:184 No gene with key: gene_bs_eye_fold_2 in group human at file: common/dna_data/test_dna_vale.txt line: * (Royce_asoiaf_37)
1,0,-1,portraitcontext.cpp:184,No gene with key: gene_bs_eye_fold_2 in group human at file: common/dna_data/test_dna_valyrian.txt line: 11849 (Targaryen_asoiaf_12),portraitcontext.cpp:184 No gene with key: gene_bs_eye_fold_2 in group human at file: common/dna_data/test_dna_valyrian.txt line: * (Targaryen_asoiaf_12)
1,0,-1,portraitcontext.cpp:184,No gene with key: gene_bs_eye_fold_2 in group human at file: common/dna_data/test_dna_valyrian.txt line: 8992 (Targaryen_asoiaf_122),portraitcontext.cpp:184 No gene with key: gene_bs_eye_fold_2 in group human at file: common/dna_data/test_dna_valyrian.txt line: * (Targaryen_asoiaf_122)
1,0,-1,portraitcontext.cpp:184,No gene with key: gene_bs_eye_fold_2 in group human at file: common/dna_data/test_dna_valyrian.txt line: 9197 (Targaryen_asoiaf_126),portraitcontext.cpp:184 No gene with key: gene_bs_eye_fold_2 in group human at file: common/dna_data/test_dna_valyrian.txt line: * (Targaryen_asoiaf_126)
1,0,-1,portraitcontext.cpp:184,No gene with key: gene_bs_eye_fold_2 in group human at file: common/dna_data/test_dna_valyrian.txt line: 2757 (Targaryen_asoiaf_59),portraitcontext.cpp:184 No gene with key: gene_bs_eye_fold_2 in group human at file: common/dna_data/test_dna_valyrian.txt line: * (Targaryen_asoiaf_59)
1,0,-1,portraitcontext.cpp:184,No gene with key: gene_bs_eye_fold_2 in group human at file: common/dna_data/test_dna_valyrian.txt line: 3370 (Targaryen_asoiaf_63),portraitcontext.cpp:184 No gene with key: gene_bs_eye_fold_2 in group human at file: common/dna_data/test_dna_valyrian.txt line: * (Targaryen_asoiaf_63)
1,0,-1,portraitcontext.cpp:184,No gene with key: gene_bs_eye_fold_2 in group human at file: common/dna_data/test_dna_valyrian.txt line: 3985 (Targaryen_asoiaf_67),portraitcontext.cpp:184 No gene with key: gene_bs_eye_fold_2 in group human at file: common/dna_data/test_dna_valyrian.txt line: * (Targaryen_asoiaf_67)
1,0,-1,portraitcontext.cpp:184,No gene with key: gene_bs_eye_fold_2 in group human at file: common/dna_data/test_dna_valyrian.txt line: 4786 (Targaryen_asoiaf_70),portraitcontext.cpp:184 No gene with key: gene_bs_eye_fold_2 in group human at file: common/dna_data/test_dna_valyrian.txt line: * (Targaryen_asoiaf_70)
1,0,-1,portraitcontext.cpp:184,No gene with key: gene_bs_eye_fold_2 in group human at file: common/dna_data/test_dna_valyrian.txt line: 6006 (Targaryen_asoiaf_79),portraitcontext.cpp:184 No gene with key: gene_bs_eye_fold_2 in group human at file: common/dna_data/test_dna_valyrian.txt line: * (Targaryen_asoiaf_79)
1,0,-1,portraitcontext.cpp:184,No gene with key: gene_bs_eye_fold_2 in group human at file: common/dna_data/test_dna_valyrian.txt line: 9402 (Targaryen_asoiaf_hh_10),portraitcontext.cpp:184 No gene with key: gene_bs_eye_fold_2 in group human at file: common/dna_data/test_dna_valyrian.txt line: * (Targaryen_asoiaf_hh_10)
1,0,-1,portraitcontext.cpp:184,No gene with key: gene_bs_eye_fold_2 in group human at file: common/dna_data/test_dna_valyrian.txt line: 14687 (Velaryon_asoiaf_2),portraitcontext.cpp:184 No gene with key: gene_bs_eye_fold_2 in group human at file: common/dna_data/test_dna_valyrian.txt line: * (Velaryon_asoiaf_2)
1,0,-1,portraitcontext.cpp:184,No gene with key: gene_bs_eye_fold_2 in group human at file: common/dna_data/test_dna_valyrian.txt line: 12056 (Velaryon_asoiaf_31),portraitcontext.cpp:184 No gene with key: gene_bs_eye_fold_2 in group human at file: common/dna_data/test_dna_valyrian.txt line: * (Velaryon_asoiaf_31)
1,0,-1,portraitcontext.cpp:184,No gene with key: gene_bs_eye_fold_2 in group human at file: common/dna_data/test_dna_valyrian.txt line: 12464 (Velaryon_asoiaf_34),portraitcontext.cpp:184 No gene with key: gene_bs_eye_fold_2 in group human at file: common/dna_data/test_dna_valyrian.txt line: * (Velaryon_asoiaf_34)
1,0,-1,portraitcontext.cpp:184,No gene with key: gene_bs_eye_fold_2 in group human at file: common/dna_data/test_dna_valyrian.txt line: 12872 (Velaryon_asoiaf_35),portraitcontext.cpp:184 No gene with key: gene_bs_eye_fold_2 in group human at file: common/dna_data/test_dna_valyrian.txt line: * (Velaryon_asoiaf_35)
1,0,-1,portraitcontext.cpp:184,No gene with key: gene_bs_eye_fold_2 in group human at file: common/dna_data/test_dna_westerlands.txt line: 3980 (Clegane_asoiaf_4),portraitcontext.cpp:184 No gene with key: gene_bs_eye_fold_2 in group human at file: common/dna_data/test_dna_westerlands.txt line: * (Clegane_asoiaf_4)
1,0,-1,portraitcontext.cpp:184,No gene with key: gene_bs_eye_fold_2 in group human at file: common/dna_data/test_dna_westerlands.txt line: 5766 (Payne_asoiaf_6),portraitcontext.cpp:184 No gene with key: gene_bs_eye_fold_2 in group human at file: common/dna_data/test_dna_westerlands.txt line: * (Payne_asoiaf_6)
1,0,-1,portraitcontext.cpp:184,No gene with key: gene_eye_shut_bottom in group human at file: common/dna_data/test_dna_crownlands.txt line: 3990 (Pycelle_asoiaf_1),portraitcontext.cpp:184 No gene with key: gene_eye_shut_bottom in group human at file: common/dna_data/test_dna_crownlands.txt line: * (Pycelle_asoiaf_1)
1,0,-1,portraitcontext.cpp:184,No gene with key: gene_eye_shut_bottom in group human at file: common/dna_data/test_dna_crownlands.txt line: 150 (Slynt_asoiaf_1),portraitcontext.cpp:184 No gene with key: gene_eye_shut_bottom in group human at file: common/dna_data/test_dna_crownlands.txt line: * (Slynt_asoiaf_1)
1,0,-1,portraitcontext.cpp:184,No gene with key: gene_eye_shut_bottom in group human at file: common/dna_data/test_dna_dornish.txt line: 1982 (Dayne_asoiaf_4),portraitcontext.cpp:184 No gene with key: gene_eye_shut_bottom in group human at file: common/dna_data/test_dna_dornish.txt line: * (Dayne_asoiaf_4)
1,0,-1,portraitcontext.cpp:184,No gene with key: gene_eye_shut_bottom in group human at file: common/dna_data/test_dna_dornish.txt line: 1773 (Dayne_asoiaf_5),portraitcontext.cpp:184 No gene with key: gene_eye_shut_bottom in group human at file: common/dna_data/test_dna_dornish.txt line: * (Dayne_asoiaf_5)
1,0,-1,portraitcontext.cpp:184,No gene with key: gene_eye_shut_bottom in group human at file: common/dna_data/test_dna_dornish.txt line: 2592 (Uller_asoiaf_6),portraitcontext.cpp:184 No gene with key: gene_eye_shut_bottom in group human at file: common/dna_data/test_dna_dornish.txt line: * (Uller_asoiaf_6)
1,0,-1,portraitcontext.cpp:184,No gene with key: gene_eye_shut_bottom in group human at file: common/dna_data/test_dna_essos.txt line: 1754 (Eunuch_asoiaf_1),portraitcontext.cpp:184 No gene with key: gene_eye_shut_bottom in group human at file: common/dna_data/test_dna_essos.txt line: * (Eunuch_asoiaf_1)
1,0,-1,portraitcontext.cpp:184,No gene with key: gene_eye_shut_bottom in group human at file: common/dna_data/test_dna_iron_isles.txt line: 356 (Greyjoy_asoiaf_6),portraitcontext.cpp:184 No gene with key: gene_eye_shut_bottom in group human at file: common/dna_data/test_dna_iron_isles.txt line: * (Greyjoy_asoiaf_6)
1,0,-1,portraitcontext.cpp:184,No gene with key: gene_eye_shut_bottom in group human at file: common/dna_data/test_dna_iron_isles.txt line: 569 (Greyjoy_asoiaf_9),portraitcontext.cpp:184 No gene with key: gene_eye_shut_bottom in group human at file: common/dna_data/test_dna_iron_isles.txt line: * (Greyjoy_asoiaf_9)
1,0,-1,portraitcontext.cpp:184,No gene with key: gene_eye_shut_bottom in group human at file: common/dna_data/test_dna_north.txt line: 5213 (Bolton_asoiaf_1),portraitcontext.cpp:184 No gene with key: gene_eye_shut_bottom in group human at file: common/dna_data/test_dna_north.txt line: * (Bolton_asoiaf_1)
1,0,-1,portraitcontext.cpp:184,No gene with key: gene_eye_shut_bottom in group human at file: common/dna_data/test_dna_north.txt line: 5422 (Bolton_asoiaf_4),portraitcontext.cpp:184 No gene with key: gene_eye_shut_bottom in group human at file: common/dna_data/test_dna_north.txt line: * (Bolton_asoiaf_4)
1,0,-1,portraitcontext.cpp:184,No gene with key: gene_eye_shut_bottom in group human at file: common/dna_data/test_dna_north.txt line: 5631 (Bolton_asoiaf_5),portraitcontext.cpp:184 No gene with key: gene_eye_shut_bottom in group human at file: common/dna_data/test_dna_north.txt line: * (Bolton_asoiaf_5)
1,0,-1,portraitcontext.cpp:184,No gene with key: gene_eye_shut_bottom in group human at file: common/dna_data/test_dna_north.txt line: 4212 (Cassel_asoiaf_3),portraitcontext.cpp:184 No gene with key: gene_eye_shut_bottom in group human at file: common/dna_data/test_dna_north.txt line: * (Cassel_asoiaf_3)
1,0,-1,portraitcontext.cpp:184,No gene with key: gene_eye_shut_bottom in group human at file: common/dna_data/test_dna_north.txt line: 5840 (Mormont_asoiaf_2),portraitcontext.cpp:184 No gene with key: gene_eye_shut_bottom in group human at file: common/dna_data/test_dna_north.txt line: * (Mormont_asoiaf_2)
1,0,-1,portraitcontext.cpp:184,No gene with key: gene_eye_shut_bottom in group human at file: common/dna_data/test_dna_north.txt line: 6049 (Mormont_asoiaf_3),portraitcontext.cpp:184 No gene with key: gene_eye_shut_bottom in group human at file: common/dna_data/test_dna_north.txt line: * (Mormont_asoiaf_3)
1,0,-1,portraitcontext.cpp:184,No gene with key: gene_eye_shut_bottom in group human at file: common/dna_data/test_dna_north.txt line: 1776 (Stark_asoiaf_6),portraitcontext.cpp:184 No gene with key: gene_eye_shut_bottom in group human at file: common/dna_data/test_dna_north.txt line: * (Stark_asoiaf_6)
1,0,-1,portraitcontext.cpp:184,No gene with key: gene_eye_shut_bottom in group human at file: common/dna_data/test_dna_reach.txt line: 3794 (Florent_asoiaf_8),portraitcontext.cpp:184 No gene with key: gene_eye_shut_bottom in group human at file: common/dna_data/test_dna_reach.txt line: * (Florent_asoiaf_8)
1,0,-1,portraitcontext.cpp:184,No gene with key: gene_eye_shut_bottom in group human at file: common/dna_data/test_dna_reach.txt line: 6433 (Hightower_asoiaf_14),portraitcontext.cpp:184 No gene with key: gene_eye_shut_bottom in group human at file: common/dna_data/test_dna_reach.txt line: * (Hightower_asoiaf_14)
1,0,-1,portraitcontext.cpp:184,No gene with key: gene_eye_shut_bottom in group human at file: common/dna_data/test_dna_reach.txt line: 5597 (Hightower_asoiaf_3),portraitcontext.cpp:184 No gene with key: gene_eye_shut_bottom in group human at file: common/dna_data/test_dna_reach.txt line: * (Hightower_asoiaf_3)
1,0,-1,portraitcontext.cpp:184,No gene with key: gene_eye_shut_bottom in group human at file: common/dna_data/test_dna_reach.txt line: 5806 (Hightower_asoiaf_5),portraitcontext.cpp:184 No gene with key: gene_eye_shut_bottom in group human at file: common/dna_data/test_dna_reach.txt line: * (Hightower_asoiaf_5)
1,0,-1,portraitcontext.cpp:184,No gene with key: gene_eye_shut_bottom in group human at file: common/dna_data/test_dna_reach.txt line: 6015 (Hightower_asoiaf_7),portraitcontext.cpp:184 No gene with key: gene_eye_shut_bottom in group human at file: common/dna_data/test_dna_reach.txt line: * (Hightower_asoiaf_7)
1,0,-1,portraitcontext.cpp:184,No gene with key: gene_eye_shut_bottom in group human at file: common/dna_data/test_dna_reach.txt line: 6224 (Hightower_asoiaf_9),portraitcontext.cpp:184 No gene with key: gene_eye_shut_bottom in group human at file: common/dna_data/test_dna_reach.txt line: * (Hightower_asoiaf_9)
1,0,-1,portraitcontext.cpp:184,No gene with key: gene_eye_shut_bottom in group human at file: common/dna_data/test_dna_reach.txt line: 1580 (Redwyne_asoiaf_2),portraitcontext.cpp:184 No gene with key: gene_eye_shut_bottom in group human at file: common/dna_data/test_dna_reach.txt line: * (Redwyne_asoiaf_2)
1,0,-1,portraitcontext.cpp:184,No gene with key: gene_eye_shut_bottom in group human at file: common/dna_data/test_dna_reach.txt line: 2383 (Tarly_asoiaf_1),portraitcontext.cpp:184 No gene with key: gene_eye_shut_bottom in group human at file: common/dna_data/test_dna_reach.txt line: * (Tarly_asoiaf_1)
1,0,-1,portraitcontext.cpp:184,No gene with key: gene_eye_shut_bottom in group human at file: common/dna_data/test_dna_reach.txt line: 2592 (Tarly_asoiaf_2),portraitcontext.cpp:184 No gene with key: gene_eye_shut_bottom in group human at file: common/dna_data/test_dna_reach.txt line: * (Tarly_asoiaf_2)
1,0,-1,portraitcontext.cpp:184,No gene with key: gene_eye_shut_bottom in group human at file: common/dna_data/test_dna_reach.txt line: 2801 (Tarly_asoiaf_3),portraitcontext.cpp:184 No gene with key: gene_eye_shut_bottom in group human at file: common/dna_data/test_dna_reach.txt line: * (Tarly_asoiaf_3)
1,0,-1,portraitcontext.cpp:184,No gene with key: gene_eye_shut_bottom in group human at file: common/dna_data/test_dna_reach.txt line: 555 (Tyrell_asoiaf_11),portraitcontext.cpp:184 No gene with key: gene_eye_shut_bottom in group human at file: common/dna_data/test_dna_reach.txt line: * (Tyrell_asoiaf_11)
1,0,-1,portraitcontext.cpp:184,No gene with key: gene_eye_shut_bottom in group human at file: common/dna_data/test_dna_reach.txt line: 764 (Tyrell_asoiaf_12),portraitcontext.cpp:184 No gene with key: gene_eye_shut_bottom in group human at file: common/dna_data/test_dna_reach.txt line: * (Tyrell_asoiaf_12)
1,0,-1,portraitcontext.cpp:184,No gene with key: gene_eye_shut_bottom in group human at file: common/dna_data/test_dna_reach.txt line: 346 (Tyrell_asoiaf_8),portraitcontext.cpp:184 No gene with key: gene_eye_shut_bottom in group human at file: common/dna_data/test_dna_reach.txt line: * (Tyrell_asoiaf_8)
1,0,-1,portraitcontext.cpp:184,No gene with key: gene_eye_shut_bottom in group human at file: common/dna_data/test_dna_riverlands.txt line: 150 (Tully_asoiaf_1),portraitcontext.cpp:184 No gene with key: gene_eye_shut_bottom in group human at file: common/dna_data/test_dna_riverlands.txt line: * (Tully_asoiaf_1)
1,0,-1,portraitcontext.cpp:184,No gene with key: gene_eye_shut_bottom in group human at file: common/dna_data/test_dna_riverlands.txt line: 359 (Tully_asoiaf_4),portraitcontext.cpp:184 No gene with key: gene_eye_shut_bottom in group human at file: common/dna_data/test_dna_riverlands.txt line: * (Tully_asoiaf_4)
1,0,-1,portraitcontext.cpp:184,No gene with key: gene_eye_shut_bottom in group human at file: common/dna_data/test_dna_riverlands.txt line: 568 (Tully_asoiaf_6),portraitcontext.cpp:184 No gene with key: gene_eye_shut_bottom in group human at file: common/dna_data/test_dna_riverlands.txt line: * (Tully_asoiaf_6)
1,0,-1,portraitcontext.cpp:184,No gene with key: gene_eye_shut_bottom in group human at file: common/dna_data/test_dna_riverlands.txt line: 778 (Tully_asoiaf_7),portraitcontext.cpp:184 No gene with key: gene_eye_shut_bottom in group human at file: common/dna_data/test_dna_riverlands.txt line: * (Tully_asoiaf_7)
1,0,-1,portraitcontext.cpp:184,No gene with key: gene_eye_shut_bottom in group human at file: common/dna_data/test_dna_riverlands.txt line: 987 (Tully_asoiaf_9),portraitcontext.cpp:184 No gene with key: gene_eye_shut_bottom in group human at file: common/dna_data/test_dna_riverlands.txt line: * (Tully_asoiaf_9)
1,0,-1,portraitcontext.cpp:184,No gene with key: gene_eye_shut_bottom in group human at file: common/dna_data/test_dna_stormlands.txt line: 1942 (Baratheon_asoiaf_2_1),portraitcontext.cpp:184 No gene with key: gene_eye_shut_bottom in group human at file: common/dna_data/test_dna_stormlands.txt line: * (Baratheon_asoiaf_2_1)
1,0,-1,portraitcontext.cpp:184,No gene with key: gene_eye_shut_bottom in group human at file: common/dna_data/test_dna_stormlands.txt line: 5001 (Melisandre_asoiaf_1),portraitcontext.cpp:184 No gene with key: gene_eye_shut_bottom in group human at file: common/dna_data/test_dna_stormlands.txt line: * (Melisandre_asoiaf_1)
1,0,-1,portraitcontext.cpp:184,No gene with key: gene_eye_shut_bottom in group human at file: common/dna_data/test_dna_stormlands.txt line: 5210 (Seaworth_asoiaf_1),portraitcontext.cpp:184 No gene with key: gene_eye_shut_bottom in group human at file: common/dna_data/test_dna_stormlands.txt line: * (Seaworth_asoiaf_1)
1,0,-1,portraitcontext.cpp:184,No gene with key: gene_eye_shut_bottom in group human at file: common/dna_data/test_dna_stormlands.txt line: 4378 (Selmy_asoiaf_3),portraitcontext.cpp:184 No gene with key: gene_eye_shut_bottom in group human at file: common/dna_data/test_dna_stormlands.txt line: * (Selmy_asoiaf_3)
1,0,-1,portraitcontext.cpp:184,No gene with key: gene_eye_shut_bottom in group human at file: common/dna_data/test_dna_stormlands.txt line: 3747 (Tarth_asoiaf_1),portraitcontext.cpp:184 No gene with key: gene_eye_shut_bottom in group human at file: common/dna_data/test_dna_stormlands.txt line: * (Tarth_asoiaf_1)
1,0,-1,portraitcontext.cpp:184,No gene with key: gene_eye_shut_bottom in group human at file: common/dna_data/test_dna_stormlands.txt line: 3958 (Tarth_asoiaf_3),portraitcontext.cpp:184 No gene with key: gene_eye_shut_bottom in group human at file: common/dna_data/test_dna_stormlands.txt line: * (Tarth_asoiaf_3)
1,0,-1,portraitcontext.cpp:184,No gene with key: gene_eye_shut_bottom in group human at file: common/dna_data/test_dna_stormlands.txt line: 4168 (Tarth_asoiaf_6),portraitcontext.cpp:184 No gene with key: gene_eye_shut_bottom in group human at file: common/dna_data/test_dna_stormlands.txt line: * (Tarth_asoiaf_6)
1,0,-1,portraitcontext.cpp:184,No gene with key: gene_eye_shut_bottom in group human at file: common/dna_data/test_dna_stormlands.txt line: 4587 (Trant_asoiaf_2),portraitcontext.cpp:184 No gene with key: gene_eye_shut_bottom in group human at file: common/dna_data/test_dna_stormlands.txt line: * (Trant_asoiaf_2)
1,0,-1,portraitcontext.cpp:184,No gene with key: gene_eye_shut_bottom in group human at file: common/dna_data/test_dna_vale.txt line: 559 (Arryn_asoiaf_3),portraitcontext.cpp:184 No gene with key: gene_eye_shut_bottom in group human at file: common/dna_data/test_dna_vale.txt line: * (Arryn_asoiaf_3)
1,0,-1,portraitcontext.cpp:184,No gene with key: gene_eye_shut_bottom in group human at file: common/dna_data/test_dna_vale.txt line: 1561 (Baelish_asoiaf_2),portraitcontext.cpp:184 No gene with key: gene_eye_shut_bottom in group human at file: common/dna_data/test_dna_vale.txt line: * (Baelish_asoiaf_2)
1,0,-1,portraitcontext.cpp:184,No gene with key: gene_eye_shut_bottom in group human at file: common/dna_data/test_dna_vale.txt line: 1975 (Royce_asoiaf_1),portraitcontext.cpp:184 No gene with key: gene_eye_shut_bottom in group human at file: common/dna_data/test_dna_vale.txt line: * (Royce_asoiaf_1)
1,0,-1,portraitcontext.cpp:184,No gene with key: gene_eye_shut_bottom in group human at file: common/dna_data/test_dna_valyrian.txt line: 11839 (Targaryen_asoiaf_12),portraitcontext.cpp:184 No gene with key: gene_eye_shut_bottom in group human at file: common/dna_data/test_dna_valyrian.txt line: * (Targaryen_asoiaf_12)
1,0,-1,portraitcontext.cpp:184,No gene with key: gene_eye_shut_bottom in group human at file: common/dna_data/test_dna_valyrian.txt line: 8775 (Targaryen_asoiaf_120),portraitcontext.cpp:184 No gene with key: gene_eye_shut_bottom in group human at file: common/dna_data/test_dna_valyrian.txt line: * (Targaryen_asoiaf_120)
1,0,-1,portraitcontext.cpp:184,No gene with key: gene_eye_shut_bottom in group human at file: common/dna_data/test_dna_valyrian.txt line: 10812 (Targaryen_asoiaf_3),portraitcontext.cpp:184 No gene with key: gene_eye_shut_bottom in group human at file: common/dna_data/test_dna_valyrian.txt line: * (Targaryen_asoiaf_3)
1,0,-1,portraitcontext.cpp:184,No gene with key: gene_eye_shut_bottom in group human at file: common/dna_data/test_dna_valyrian.txt line: 14677 (Velaryon_asoiaf_2),portraitcontext.cpp:184 No gene with key: gene_eye_shut_bottom in group human at file: common/dna_data/test_dna_valyrian.txt line: * (Velaryon_asoiaf_2)
1,0,-1,portraitcontext.cpp:184,No gene with key: gene_eye_shut_bottom in group human at file: common/dna_data/test_dna_valyrian.txt line: 14886 (Velaryon_asoiaf_5),portraitcontext.cpp:184 No gene with key: gene_eye_shut_bottom in group human at file: common/dna_data/test_dna_valyrian.txt line: * (Velaryon_asoiaf_5)
1,0,-1,portraitcontext.cpp:184,No gene with key: gene_eye_shut_bottom in group human at file: common/dna_data/test_dna_westerlands.txt line: 3760 (Clegane_asoiaf_3),portraitcontext.cpp:184 No gene with key: gene_eye_shut_bottom in group human at file: common/dna_data/test_dna_westerlands.txt line: * (Clegane_asoiaf_3)
1,0,-1,portraitcontext.cpp:184,No gene with key: gene_eye_shut_bottom in group human at file: common/dna_data/test_dna_westerlands.txt line: 3970 (Clegane_asoiaf_4),portraitcontext.cpp:184 No gene with key: gene_eye_shut_bottom in group human at file: common/dna_data/test_dna_westerlands.txt line: * (Clegane_asoiaf_4)
1,0,-1,portraitcontext.cpp:184,No gene with key: gene_eye_shut_bottom in group human at file: common/dna_data/test_dna_westerlands.txt line: 5756 (Payne_asoiaf_6),portraitcontext.cpp:184 No gene with key: gene_eye_shut_bottom in group human at file: common/dna_data/test_dna_westerlands.txt line: * (Payne_asoiaf_6)
1,0,-1,portraitcontext.cpp:184,No gene with key: gene_eye_shut_bottom in group human at file: common/dna_data/test_dna_westerlands.txt line: 5965 (Vikary_asoiaf_1),portraitcontext.cpp:184 No gene with key: gene_eye_shut_bottom in group human at file: common/dna_data/test_dna_westerlands.txt line: * (Vikary_asoiaf_1)
1,0,-1,portraitcontext.cpp:184,No gene with key: gene_eye_shut_top in group human at file: common/dna_data/test_dna_crownlands.txt line: 3989 (Pycelle_asoiaf_1),portraitcontext.cpp:184 No gene with key: gene_eye_shut_top in group human at file: common/dna_data/test_dna_crownlands.txt line: * (Pycelle_asoiaf_1)
1,0,-1,portraitcontext.cpp:184,No gene with key: gene_eye_shut_top in group human at file: common/dna_data/test_dna_crownlands.txt line: 149 (Slynt_asoiaf_1),portraitcontext.cpp:184 No gene with key: gene_eye_shut_top in group human at file: common/dna_data/test_dna_crownlands.txt line: * (Slynt_asoiaf_1)
1,0,-1,portraitcontext.cpp:184,No gene with key: gene_eye_shut_top in group human at file: common/dna_data/test_dna_dornish.txt line: 1981 (Dayne_asoiaf_4),portraitcontext.cpp:184 No gene with key: gene_eye_shut_top in group human at file: common/dna_data/test_dna_dornish.txt line: * (Dayne_asoiaf_4)
1,0,-1,portraitcontext.cpp:184,No gene with key: gene_eye_shut_top in group human at file: common/dna_data/test_dna_dornish.txt line: 1772 (Dayne_asoiaf_5),portraitcontext.cpp:184 No gene with key: gene_eye_shut_top in group human at file: common/dna_data/test_dna_dornish.txt line: * (Dayne_asoiaf_5)
1,0,-1,portraitcontext.cpp:184,No gene with key: gene_eye_shut_top in group human at file: common/dna_data/test_dna_dornish.txt line: 2591 (Uller_asoiaf_6),portraitcontext.cpp:184 No gene with key: gene_eye_shut_top in group human at file: common/dna_data/test_dna_dornish.txt line: * (Uller_asoiaf_6)
1,0,-1,portraitcontext.cpp:184,No gene with key: gene_eye_shut_top in group human at file: common/dna_data/test_dna_essos.txt line: 1753 (Eunuch_asoiaf_1),portraitcontext.cpp:184 No gene with key: gene_eye_shut_top in group human at file: common/dna_data/test_dna_essos.txt line: * (Eunuch_asoiaf_1)
1,0,-1,portraitcontext.cpp:184,No gene with key: gene_eye_shut_top in group human at file: common/dna_data/test_dna_iron_isles.txt line: 355 (Greyjoy_asoiaf_6),portraitcontext.cpp:184 No gene with key: gene_eye_shut_top in group human at file: common/dna_data/test_dna_iron_isles.txt line: * (Greyjoy_asoiaf_6)
1,0,-1,portraitcontext.cpp:184,No gene with key: gene_eye_shut_top in group human at file: common/dna_data/test_dna_iron_isles.txt line: 568 (Greyjoy_asoiaf_9),portraitcontext.cpp:184 No gene with key: gene_eye_shut_top in group human at file: common/dna_data/test_dna_iron_isles.txt line: * (Greyjoy_asoiaf_9)
1,0,-1,portraitcontext.cpp:184,No gene with key: gene_eye_shut_top in group human at file: common/dna_data/test_dna_north.txt line: 5212 (Bolton_asoiaf_1),portraitcontext.cpp:184 No gene with key: gene_eye_shut_top in group human at file: common/dna_data/test_dna_north.txt line: * (Bolton_asoiaf_1)
1,0,-1,portraitcontext.cpp:184,No gene with key: gene_eye_shut_top in group human at file: common/dna_data/test_dna_north.txt line: 5421 (Bolton_asoiaf_4),portraitcontext.cpp:184 No gene with key: gene_eye_shut_top in group human at file: common/dna_data/test_dna_north.txt line: * (Bolton_asoiaf_4)
1,0,-1,portraitcontext.cpp:184,No gene with key: gene_eye_shut_top in group human at file: common/dna_data/test_dna_north.txt line: 5630 (Bolton_asoiaf_5),portraitcontext.cpp:184 No gene with key: gene_eye_shut_top in group human at file: common/dna_data/test_dna_north.txt line: * (Bolton_asoiaf_5)
1,0,-1,portraitcontext.cpp:184,No gene with key: gene_eye_shut_top in group human at file: common/dna_data/test_dna_north.txt line: 4211 (Cassel_asoiaf_3),portraitcontext.cpp:184 No gene with key: gene_eye_shut_top in group human at file: common/dna_data/test_dna_north.txt line: * (Cassel_asoiaf_3)
1,0,-1,portraitcontext.cpp:184,No gene with key: gene_eye_shut_top in group human at file: common/dna_data/test_dna_north.txt line: 5839 (Mormont_asoiaf_2),portraitcontext.cpp:184 No gene with key: gene_eye_shut_top in group human at file: common/dna_data/test_dna_north.txt line: * (Mormont_asoiaf_2)
1,0,-1,portraitcontext.cpp:184,No gene with key: gene_eye_shut_top in group human at file: common/dna_data/test_dna_north.txt line: 6048 (Mormont_asoiaf_3),portraitcontext.cpp:184 No gene with key: gene_eye_shut_top in group human at file: common/dna_data/test_dna_north.txt line: * (Mormont_asoiaf_3)
1,0,-1,portraitcontext.cpp:184,No gene with key: gene_eye_shut_top in group human at file: common/dna_data/test_dna_north.txt line: 1775 (Stark_asoiaf_6),portraitcontext.cpp:184 No gene with key: gene_eye_shut_top in group human at file: common/dna_data/test_dna_north.txt line: * (Stark_asoiaf_6)
1,0,-1,portraitcontext.cpp:184,No gene with key: gene_eye_shut_top in group human at file: common/dna_data/test_dna_reach.txt line: 3793 (Florent_asoiaf_8),portraitcontext.cpp:184 No gene with key: gene_eye_shut_top in group human at file: common/dna_data/test_dna_reach.txt line: * (Florent_asoiaf_8)
1,0,-1,portraitcontext.cpp:184,No gene with key: gene_eye_shut_top in group human at file: common/dna_data/test_dna_reach.txt line: 6432 (Hightower_asoiaf_14),portraitcontext.cpp:184 No gene with key: gene_eye_shut_top in group human at file: common/dna_data/test_dna_reach.txt line: * (Hightower_asoiaf_14)
1,0,-1,portraitcontext.cpp:184,No gene with key: gene_eye_shut_top in group human at file: common/dna_data/test_dna_reach.txt line: 5596 (Hightower_asoiaf_3),portraitcontext.cpp:184 No gene with key: gene_eye_shut_top in group human at file: common/dna_data/test_dna_reach.txt line: * (Hightower_asoiaf_3)
1,0,-1,portraitcontext.cpp:184,No gene with key: gene_eye_shut_top in group human at file: common/dna_data/test_dna_reach.txt line: 5805 (Hightower_asoiaf_5),portraitcontext.cpp:184 No gene with key: gene_eye_shut_top in group human at file: common/dna_data/test_dna_reach.txt line: * (Hightower_asoiaf_5)
1,0,-1,portraitcontext.cpp:184,No gene with key: gene_eye_shut_top in group human at file: common/dna_data/test_dna_reach.txt line: 6014 (Hightower_asoiaf_7),portraitcontext.cpp:184 No gene with key: gene_eye_shut_top in group human at file: common/dna_data/test_dna_reach.txt line: * (Hightower_asoiaf_7)
1,0,-1,portraitcontext.cpp:184,No gene with key: gene_eye_shut_top in group human at file: common/dna_data/test_dna_reach.txt line: 6223 (Hightower_asoiaf_9),portraitcontext.cpp:184 No gene with key: gene_eye_shut_top in group human at file: common/dna_data/test_dna_reach.txt line: * (Hightower_asoiaf_9)
1,0,-1,portraitcontext.cpp:184,No gene with key: gene_eye_shut_top in group human at file: common/dna_data/test_dna_reach.txt line: 1579 (Redwyne_asoiaf_2),portraitcontext.cpp:184 No gene with key: gene_eye_shut_top in group human at file: common/dna_data/test_dna_reach.txt line: * (Redwyne_asoiaf_2)
1,0,-1,portraitcontext.cpp:184,No gene with key: gene_eye_shut_top in group human at file: common/dna_data/test_dna_reach.txt line: 2382 (Tarly_asoiaf_1),portraitcontext.cpp:184 No gene with key: gene_eye_shut_top in group human at file: common/dna_data/test_dna_reach.txt line: * (Tarly_asoiaf_1)
1,0,-1,portraitcontext.cpp:184,No gene with key: gene_eye_shut_top in group human at file: common/dna_data/test_dna_reach.txt line: 2591 (Tarly_asoiaf_2),portraitcontext.cpp:184 No gene with key: gene_eye_shut_top in group human at file: common/dna_data/test_dna_reach.txt line: * (Tarly_asoiaf_2)
1,0,-1,portraitcontext.cpp:184,No gene with key: gene_eye_shut_top in group human at file: common/dna_data/test_dna_reach.txt line: 2800 (Tarly_asoiaf_3),portraitcontext.cpp:184 No gene with key: gene_eye_shut_top in group human at file: common/dna_data/test_dna_reach.txt line: * (Tarly_asoiaf_3)
1,0,-1,portraitcontext.cpp:184,No gene with key: gene_eye_shut_top in group human at file: common/dna_data/test_dna_reach.txt line: 554 (Tyrell_asoiaf_11),portraitcontext.cpp:184 No gene with key: gene_eye_shut_top in group human at file: common/dna_data/test_dna_reach.txt line: * (Tyrell_asoiaf_11)
1,0,-1,portraitcontext.cpp:184,No gene with key: gene_eye_shut_top in group human at file: common/dna_data/test_dna_reach.txt line: 763 (Tyrell_asoiaf_12),portraitcontext.cpp:184 No gene with key: gene_eye_shut_top in group human at file: common/dna_data/test_dna_reach.txt line: * (Tyrell_asoiaf_12)
1,0,-1,portraitcontext.cpp:184,No gene with key: gene_eye_shut_top in group human at file: common/dna_data/test_dna_reach.txt line: 345 (Tyrell_asoiaf_8),portraitcontext.cpp:184 No gene with key: gene_eye_shut_top in group human at file: common/dna_data/test_dna_reach.txt line: * (Tyrell_asoiaf_8)
1,0,-1,portraitcontext.cpp:184,No gene with key: gene_eye_shut_top in group human at file: common/dna_data/test_dna_riverlands.txt line: 149 (Tully_asoiaf_1),portraitcontext.cpp:184 No gene with key: gene_eye_shut_top in group human at file: common/dna_data/test_dna_riverlands.txt line: * (Tully_asoiaf_1)
1,0,-1,portraitcontext.cpp:184,No gene with key: gene_eye_shut_top in group human at file: common/dna_data/test_dna_riverlands.txt line: 358 (Tully_asoiaf_4),portraitcontext.cpp:184 No gene with key: gene_eye_shut_top in group human at file: common/dna_data/test_dna_riverlands.txt line: * (Tully_asoiaf_4)
1,0,-1,portraitcontext.cpp:184,No gene with key: gene_eye_shut_top in group human at file: common/dna_data/test_dna_riverlands.txt line: 567 (Tully_asoiaf_6),portraitcontext.cpp:184 No gene with key: gene_eye_shut_top in group human at file: common/dna_data/test_dna_riverlands.txt line: * (Tully_asoiaf_6)
1,0,-1,portraitcontext.cpp:184,No gene with key: gene_eye_shut_top in group human at file: common/dna_data/test_dna_riverlands.txt line: 777 (Tully_asoiaf_7),portraitcontext.cpp:184 No gene with key: gene_eye_shut_top in group human at file: common/dna_data/test_dna_riverlands.txt line: * (Tully_asoiaf_7)
1,0,-1,portraitcontext.cpp:184,No gene with key: gene_eye_shut_top in group human at file: common/dna_data/test_dna_riverlands.txt line: 986 (Tully_asoiaf_9),portraitcontext.cpp:184 No gene with key: gene_eye_shut_top in group human at file: common/dna_data/test_dna_riverlands.txt line: * (Tully_asoiaf_9)
1,0,-1,portraitcontext.cpp:184,No gene with key: gene_eye_shut_top in group human at file: common/dna_data/test_dna_stormlands.txt line: 1941 (Baratheon_asoiaf_2_1),portraitcontext.cpp:184 No gene with key: gene_eye_shut_top in group human at file: common/dna_data/test_dna_stormlands.txt line: * (Baratheon_asoiaf_2_1)
1,0,-1,portraitcontext.cpp:184,No gene with key: gene_eye_shut_top in group human at file: common/dna_data/test_dna_stormlands.txt line: 5000 (Melisandre_asoiaf_1),portraitcontext.cpp:184 No gene with key: gene_eye_shut_top in group human at file: common/dna_data/test_dna_stormlands.txt line: * (Melisandre_asoiaf_1)
1,0,-1,portraitcontext.cpp:184,No gene with key: gene_eye_shut_top in group human at file: common/dna_data/test_dna_stormlands.txt line: 5209 (Seaworth_asoiaf_1),portraitcontext.cpp:184 No gene with key: gene_eye_shut_top in group human at file: common/dna_data/test_dna_stormlands.txt line: * (Seaworth_asoiaf_1)
1,0,-1,portraitcontext.cpp:184,No gene with key: gene_eye_shut_top in group human at file: common/dna_data/test_dna_stormlands.txt line: 4377 (Selmy_asoiaf_3),portraitcontext.cpp:184 No gene with key: gene_eye_shut_top in group human at file: common/dna_data/test_dna_stormlands.txt line: * (Selmy_asoiaf_3)
1,0,-1,portraitcontext.cpp:184,No gene with key: gene_eye_shut_top in group human at file: common/dna_data/test_dna_stormlands.txt line: 3746 (Tarth_asoiaf_1),portraitcontext.cpp:184 No gene with key: gene_eye_shut_top in group human at file: common/dna_data/test_dna_stormlands.txt line: * (Tarth_asoiaf_1)
1,0,-1,portraitcontext.cpp:184,No gene with key: gene_eye_shut_top in group human at file: common/dna_data/test_dna_stormlands.txt line: 3957 (Tarth_asoiaf_3),portraitcontext.cpp:184 No gene with key: gene_eye_shut_top in group human at file: common/dna_data/test_dna_stormlands.txt line: * (Tarth_asoiaf_3)
1,0,-1,portraitcontext.cpp:184,No gene with key: gene_eye_shut_top in group human at file: common/dna_data/test_dna_stormlands.txt line: 4167 (Tarth_asoiaf_6),portraitcontext.cpp:184 No gene with key: gene_eye_shut_top in group human at file: common/dna_data/test_dna_stormlands.txt line: * (Tarth_asoiaf_6)
1,0,-1,portraitcontext.cpp:184,No gene with key: gene_eye_shut_top in group human at file: common/dna_data/test_dna_stormlands.txt line: 4586 (Trant_asoiaf_2),portraitcontext.cpp:184 No gene with key: gene_eye_shut_top in group human at file: common/dna_data/test_dna_stormlands.txt line: * (Trant_asoiaf_2)
1,0,-1,portraitcontext.cpp:184,No gene with key: gene_eye_shut_top in group human at file: common/dna_data/test_dna_vale.txt line: 558 (Arryn_asoiaf_3),portraitcontext.cpp:184 No gene with key: gene_eye_shut_top in group human at file: common/dna_data/test_dna_vale.txt line: * (Arryn_asoiaf_3)
1,0,-1,portraitcontext.cpp:184,No gene with key: gene_eye_shut_top in group human at file: common/dna_data/test_dna_vale.txt line: 1560 (Baelish_asoiaf_2),portraitcontext.cpp:184 No gene with key: gene_eye_shut_top in group human at file: common/dna_data/test_dna_vale.txt line: * (Baelish_asoiaf_2)
1,0,-1,portraitcontext.cpp:184,No gene with key: gene_eye_shut_top in group human at file: common/dna_data/test_dna_vale.txt line: 1974 (Royce_asoiaf_1),portraitcontext.cpp:184 No gene with key: gene_eye_shut_top in group human at file: common/dna_data/test_dna_vale.txt line: * (Royce_asoiaf_1)
1,0,-1,portraitcontext.cpp:184,No gene with key: gene_eye_shut_top in group human at file: common/dna_data/test_dna_valyrian.txt line: 11838 (Targaryen_asoiaf_12),portraitcontext.cpp:184 No gene with key: gene_eye_shut_top in group human at file: common/dna_data/test_dna_valyrian.txt line: * (Targaryen_asoiaf_12)
1,0,-1,portraitcontext.cpp:184,No gene with key: gene_eye_shut_top in group human at file: common/dna_data/test_dna_valyrian.txt line: 8774 (Targaryen_asoiaf_120),portraitcontext.cpp:184 No gene with key: gene_eye_shut_top in group human at file: common/dna_data/test_dna_valyrian.txt line: * (Targaryen_asoiaf_120)
1,0,-1,portraitcontext.cpp:184,No gene with key: gene_eye_shut_top in group human at file: common/dna_data/test_dna_valyrian.txt line: 10811 (Targaryen_asoiaf_3),portraitcontext.cpp:184 No gene with key: gene_eye_shut_top in group human at file: common/dna_data/test_dna_valyrian.txt line: * (Targaryen_asoiaf_3)
1,0,-1,portraitcontext.cpp:184,No gene with key: gene_eye_shut_top in group human at file: common/dna_data/test_dna_valyrian.txt line: 14676 (Velaryon_asoiaf_2),portraitcontext.cpp:184 No gene with key: gene_eye_shut_top in group human at file: common/dna_data/test_dna_valyrian.txt line: * (Velaryon_asoiaf_2)
1,0,-1,portraitcontext.cpp:184,No gene with key: gene_eye_shut_top in group human at file: common/dna_data/test_dna_valyrian.txt line: 14885 (Velaryon_asoiaf_5),portraitcontext.cpp:184 No gene with key: gene_eye_shut_top in group human at file: common/dna_data/test_dna_valyrian.txt line: * (Velaryon_asoiaf_5)
1,0,-1,portraitcontext.cpp:184,No gene with key: gene_eye_shut_top in group human at file: common/dna_data/test_dna_westerlands.txt line: 3759 (Clegane_asoiaf_3),portraitcontext.cpp:184 No gene with key: gene_eye_shut_top in group human at file: common/dna_data/test_dna_westerlands.txt line: * (Clegane_asoiaf_3)
1,0,-1,portraitcontext.cpp:184,No gene with key: gene_eye_shut_top in group human at file: common/dna_data/test_dna_westerlands.txt line: 3969 (Clegane_asoiaf_4),portraitcontext.cpp:184 No gene with key: gene_eye_shut_top in group human at file: common/dna_data/test_dna_westerlands.txt line: * (Clegane_asoiaf_4)
1,0,-1,portraitcontext.cpp:184,No gene with key: gene_eye_shut_top in group human at file: common/dna_data/test_dna_westerlands.txt line: 5755 (Payne_asoiaf_6),portraitcontext.cpp:184 No gene with key: gene_eye_shut_top in group human at file: common/dna_data/test_dna_westerlands.txt line: * (Payne_asoiaf_6)
1,0,-1,portraitcontext.cpp:184,No gene with key: gene_eye_shut_top in group human at file: common/dna_data/test_dna_westerlands.txt line: 5964 (Vikary_asoiaf_1),portraitcontext.cpp:184 No gene with key: gene_eye_shut_top in group human at file: common/dna_data/test_dna_westerlands.txt line: * (Vikary_asoiaf_1)
1,0,-1,portraitcontext.cpp:184,No gene with key: gene_eye_size in group human at file: common/dna_data/test_dna_crownlands.txt line: 3988 (Pycelle_asoiaf_1),portraitcontext.cpp:184 No gene with key: gene_eye_size in group human at file: common/dna_data/test_dna_crownlands.txt line: * (Pycelle_asoiaf_1)
1,0,-1,portraitcontext.cpp:184,No gene with key: gene_eye_size in group human at file: common/dna_data/test_dna_crownlands.txt line: 148 (Slynt_asoiaf_1),portraitcontext.cpp:184 No gene with key: gene_eye_size in group human at file: common/dna_data/test_dna_crownlands.txt line: * (Slynt_asoiaf_1)
1,0,-1,portraitcontext.cpp:184,No gene with key: gene_eye_size in group human at file: common/dna_data/test_dna_dornish.txt line: 1980 (Dayne_asoiaf_4),portraitcontext.cpp:184 No gene with key: gene_eye_size in group human at file: common/dna_data/test_dna_dornish.txt line: * (Dayne_asoiaf_4)
1,0,-1,portraitcontext.cpp:184,No gene with key: gene_eye_size in group human at file: common/dna_data/test_dna_dornish.txt line: 1771 (Dayne_asoiaf_5),portraitcontext.cpp:184 No gene with key: gene_eye_size in group human at file: common/dna_data/test_dna_dornish.txt line: * (Dayne_asoiaf_5)
1,0,-1,portraitcontext.cpp:184,No gene with key: gene_eye_size in group human at file: common/dna_data/test_dna_dornish.txt line: 2590 (Uller_asoiaf_6),portraitcontext.cpp:184 No gene with key: gene_eye_size in group human at file: common/dna_data/test_dna_dornish.txt line: * (Uller_asoiaf_6)
1,0,-1,portraitcontext.cpp:184,No gene with key: gene_eye_size in group human at file: common/dna_data/test_dna_essos.txt line: 1752 (Eunuch_asoiaf_1),portraitcontext.cpp:184 No gene with key: gene_eye_size in group human at file: common/dna_data/test_dna_essos.txt line: * (Eunuch_asoiaf_1)
1,0,-1,portraitcontext.cpp:184,No gene with key: gene_eye_size in group human at file: common/dna_data/test_dna_iron_isles.txt line: 354 (Greyjoy_asoiaf_6),portraitcontext.cpp:184 No gene with key: gene_eye_size in group human at file: common/dna_data/test_dna_iron_isles.txt line: * (Greyjoy_asoiaf_6)
1,0,-1,portraitcontext.cpp:184,No gene with key: gene_eye_size in group human at file: common/dna_data/test_dna_iron_isles.txt line: 567 (Greyjoy_asoiaf_9),portraitcontext.cpp:184 No gene with key: gene_eye_size in group human at file: common/dna_data/test_dna_iron_isles.txt line: * (Greyjoy_asoiaf_9)
1,0,-1,portraitcontext.cpp:184,No gene with key: gene_eye_size in group human at file: common/dna_data/test_dna_north.txt line: 5211 (Bolton_asoiaf_1),portraitcontext.cpp:184 No gene with key: gene_eye_size in group human at file: common/dna_data/test_dna_north.txt line: * (Bolton_asoiaf_1)
1,0,-1,portraitcontext.cpp:184,No gene with key: gene_eye_size in group human at file: common/dna_data/test_dna_north.txt line: 5420 (Bolton_asoiaf_4),portraitcontext.cpp:184 No gene with key: gene_eye_size in group human at file: common/dna_data/test_dna_north.txt line: * (Bolton_asoiaf_4)
1,0,-1,portraitcontext.cpp:184,No gene with key: gene_eye_size in group human at file: common/dna_data/test_dna_north.txt line: 5629 (Bolton_asoiaf_5),portraitcontext.cpp:184 No gene with key: gene_eye_size in group human at file: common/dna_data/test_dna_north.txt line: * (Bolton_asoiaf_5)
1,0,-1,portraitcontext.cpp:184,No gene with key: gene_eye_size in group human at file: common/dna_data/test_dna_north.txt line: 4210 (Cassel_asoiaf_3),portraitcontext.cpp:184 No gene with key: gene_eye_size in group human at file: common/dna_data/test_dna_north.txt line: * (Cassel_asoiaf_3)
1,0,-1,portraitcontext.cpp:184,No gene with key: gene_eye_size in group human at file: common/dna_data/test_dna_north.txt line: 5838 (Mormont_asoiaf_2),portraitcontext.cpp:184 No gene with key: gene_eye_size in group human at file: common/dna_data/test_dna_north.txt line: * (Mormont_asoiaf_2)
1,0,-1,portraitcontext.cpp:184,No gene with key: gene_eye_size in group human at file: common/dna_data/test_dna_north.txt line: 6047 (Mormont_asoiaf_3),portraitcontext.cpp:184 No gene with key: gene_eye_size in group human at file: common/dna_data/test_dna_north.txt line: * (Mormont_asoiaf_3)
1,0,-1,portraitcontext.cpp:184,No gene with key: gene_eye_size in group human at file: common/dna_data/test_dna_north.txt line: 1774 (Stark_asoiaf_6),portraitcontext.cpp:184 No gene with key: gene_eye_size in group human at file: common/dna_data/test_dna_north.txt line: * (Stark_asoiaf_6)
1,0,-1,portraitcontext.cpp:184,No gene with key: gene_eye_size in group human at file: common/dna_data/test_dna_reach.txt line: 3792 (Florent_asoiaf_8),portraitcontext.cpp:184 No gene with key: gene_eye_size in group human at file: common/dna_data/test_dna_reach.txt line: * (Florent_asoiaf_8)
1,0,-1,portraitcontext.cpp:184,No gene with key: gene_eye_size in group human at file: common/dna_data/test_dna_reach.txt line: 6431 (Hightower_asoiaf_14),portraitcontext.cpp:184 No gene with key: gene_eye_size in group human at file: common/dna_data/test_dna_reach.txt line: * (Hightower_asoiaf_14)
1,0,-1,portraitcontext.cpp:184,No gene with key: gene_eye_size in group human at file: common/dna_data/test_dna_reach.txt line: 5595 (Hightower_asoiaf_3),portraitcontext.cpp:184 No gene with key: gene_eye_size in group human at file: common/dna_data/test_dna_reach.txt line: * (Hightower_asoiaf_3)
1,0,-1,portraitcontext.cpp:184,No gene with key: gene_eye_size in group human at file: common/dna_data/test_dna_reach.txt line: 5804 (Hightower_asoiaf_5),portraitcontext.cpp:184 No gene with key: gene_eye_size in group human at file: common/dna_data/test_dna_reach.txt line: * (Hightower_asoiaf_5)
1,0,-1,portraitcontext.cpp:184,No gene with key: gene_eye_size in group human at file: common/dna_data/test_dna_reach.txt line: 6013 (Hightower_asoiaf_7),portraitcontext.cpp:184 No gene with key: gene_eye_size in group human at file: common/dna_data/test_dna_reach.txt line: * (Hightower_asoiaf_7)
1,0,-1,portraitcontext.cpp:184,No gene with key: gene_eye_size in group human at file: common/dna_data/test_dna_reach.txt line: 6222 (Hightower_asoiaf_9),portraitcontext.cpp:184 No gene with key: gene_eye_size in group human at file: common/dna_data/test_dna_reach.txt line: * (Hightower_asoiaf_9)
1,0,-1,portraitcontext.cpp:184,No gene with key: gene_eye_size in group human at file: common/dna_data/test_dna_reach.txt line: 1578 (Redwyne_asoiaf_2),portraitcontext.cpp:184 No gene with key: gene_eye_size in group human at file: common/dna_data/test_dna_reach.txt line: * (Redwyne_asoiaf_2)
1,0,-1,portraitcontext.cpp:184,No gene with key: gene_eye_size in group human at file: common/dna_data/test_dna_reach.txt line: 2381 (Tarly_asoiaf_1),portraitcontext.cpp:184 No gene with key: gene_eye_size in group human at file: common/dna_data/test_dna_reach.txt line: * (Tarly_asoiaf_1)
1,0,-1,portraitcontext.cpp:184,No gene with key: gene_eye_size in group human at file: common/dna_data/test_dna_reach.txt line: 2590 (Tarly_asoiaf_2),portraitcontext.cpp:184 No gene with key: gene_eye_size in group human at file: common/dna_data/test_dna_reach.txt line: * (Tarly_asoiaf_2)
1,0,-1,portraitcontext.cpp:184,No gene with key: gene_eye_size in group human at file: common/dna_data/test_dna_reach.txt line: 2799 (Tarly_asoiaf_3),portraitcontext.cpp:184 No gene with key: gene_eye_size in group human at file: common/dna_data/test_dna_reach.txt line: * (Tarly_asoiaf_3)
1,0,-1,portraitcontext.cpp:184,No gene with key: gene_eye_size in group human at file: common/dna_data/test_dna_reach.txt line: 553 (Tyrell_asoiaf_11),portraitcontext.cpp:184 No gene with key: gene_eye_size in group human at file: common/dna_data/test_dna_reach.txt line: * (Tyrell_asoiaf_11)
1,0,-1,portraitcontext.cpp:184,No gene with key: gene_eye_size in group human at file: common/dna_data/test_dna_reach.txt line: 762 (Tyrell_asoiaf_12),portraitcontext.cpp:184 No gene with key: gene_eye_size in group human at file: common/dna_data/test_dna_reach.txt line: * (Tyrell_asoiaf_12)
1,0,-1,portraitcontext.cpp:184,No gene with key: gene_eye_size in group human at file: common/dna_data/test_dna_reach.txt line: 344 (Tyrell_asoiaf_8),portraitcontext.cpp:184 No gene with key: gene_eye_size in group human at file: common/dna_data/test_dna_reach.txt line: * (Tyrell_asoiaf_8)
1,0,-1,portraitcontext.cpp:184,No gene with key: gene_eye_size in group human at file: common/dna_data/test_dna_riverlands.txt line: 148 (Tully_asoiaf_1),portraitcontext.cpp:184 No gene with key: gene_eye_size in group human at file: common/dna_data/test_dna_riverlands.txt line: * (Tully_asoiaf_1)
1,0,-1,portraitcontext.cpp:184,No gene with key: gene_eye_size in group human at file: common/dna_data/test_dna_riverlands.txt line: 357 (Tully_asoiaf_4),portraitcontext.cpp:184 No gene with key: gene_eye_size in group human at file: common/dna_data/test_dna_riverlands.txt line: * (Tully_asoiaf_4)
1,0,-1,portraitcontext.cpp:184,No gene with key: gene_eye_size in group human at file: common/dna_data/test_dna_riverlands.txt line: 566 (Tully_asoiaf_6),portraitcontext.cpp:184 No gene with key: gene_eye_size in group human at file: common/dna_data/test_dna_riverlands.txt line: * (Tully_asoiaf_6)
1,0,-1,portraitcontext.cpp:184,No gene with key: gene_eye_size in group human at file: common/dna_data/test_dna_riverlands.txt line: 776 (Tully_asoiaf_7),portraitcontext.cpp:184 No gene with key: gene_eye_size in group human at file: common/dna_data/test_dna_riverlands.txt line: * (Tully_asoiaf_7)
1,0,-1,portraitcontext.cpp:184,No gene with key: gene_eye_size in group human at file: common/dna_data/test_dna_riverlands.txt line: 985 (Tully_asoiaf_9),portraitcontext.cpp:184 No gene with key: gene_eye_size in group human at file: common/dna_data/test_dna_riverlands.txt line: * (Tully_asoiaf_9)
1,0,-1,portraitcontext.cpp:184,No gene with key: gene_eye_size in group human at file: common/dna_data/test_dna_stormlands.txt line: 1940 (Baratheon_asoiaf_2_1),portraitcontext.cpp:184 No gene with key: gene_eye_size in group human at file: common/dna_data/test_dna_stormlands.txt line: * (Baratheon_asoiaf_2_1)
1,0,-1,portraitcontext.cpp:184,No gene with key: gene_eye_size in group human at file: common/dna_data/test_dna_stormlands.txt line: 4999 (Melisandre_asoiaf_1),portraitcontext.cpp:184 No gene with key: gene_eye_size in group human at file: common/dna_data/test_dna_stormlands.txt line: * (Melisandre_asoiaf_1)
1,0,-1,portraitcontext.cpp:184,No gene with key: gene_eye_size in group human at file: common/dna_data/test_dna_stormlands.txt line: 5208 (Seaworth_asoiaf_1),portraitcontext.cpp:184 No gene with key: gene_eye_size in group human at file: common/dna_data/test_dna_stormlands.txt line: * (Seaworth_asoiaf_1)
1,0,-1,portraitcontext.cpp:184,No gene with key: gene_eye_size in group human at file: common/dna_data/test_dna_stormlands.txt line: 4376 (Selmy_asoiaf_3),portraitcontext.cpp:184 No gene with key: gene_eye_size in group human at file: common/dna_data/test_dna_stormlands.txt line: * (Selmy_asoiaf_3)
1,0,-1,portraitcontext.cpp:184,No gene with key: gene_eye_size in group human at file: common/dna_data/test_dna_stormlands.txt line: 3745 (Tarth_asoiaf_1),portraitcontext.cpp:184 No gene with key: gene_eye_size in group human at file: common/dna_data/test_dna_stormlands.txt line: * (Tarth_asoiaf_1)
1,0,-1,portraitcontext.cpp:184,No gene with key: gene_eye_size in group human at file: common/dna_data/test_dna_stormlands.txt line: 3956 (Tarth_asoiaf_3),portraitcontext.cpp:184 No gene with key: gene_eye_size in group human at file: common/dna_data/test_dna_stormlands.txt line: * (Tarth_asoiaf_3)
1,0,-1,portraitcontext.cpp:184,No gene with key: gene_eye_size in group human at file: common/dna_data/test_dna_stormlands.txt line: 4166 (Tarth_asoiaf_6),portraitcontext.cpp:184 No gene with key: gene_eye_size in group human at file: common/dna_data/test_dna_stormlands.txt line: * (Tarth_asoiaf_6)
1,0,-1,portraitcontext.cpp:184,No gene with key: gene_eye_size in group human at file: common/dna_data/test_dna_stormlands.txt line: 4585 (Trant_asoiaf_2),portraitcontext.cpp:184 No gene with key: gene_eye_size in group human at file: common/dna_data/test_dna_stormlands.txt line: * (Trant_asoiaf_2)
1,0,-1,portraitcontext.cpp:184,No gene with key: gene_eye_size in group human at file: common/dna_data/test_dna_vale.txt line: 557 (Arryn_asoiaf_3),portraitcontext.cpp:184 No gene with key: gene_eye_size in group human at file: common/dna_data/test_dna_vale.txt line: * (Arryn_asoiaf_3)
1,0,-1,portraitcontext.cpp:184,No gene with key: gene_eye_size in group human at file: common/dna_data/test_dna_vale.txt line: 1559 (Baelish_asoiaf_2),portraitcontext.cpp:184 No gene with key: gene_eye_size in group human at file: common/dna_data/test_dna_vale.txt line: * (Baelish_asoiaf_2)
1,0,-1,portraitcontext.cpp:184,No gene with key: gene_eye_size in group human at file: common/dna_data/test_dna_vale.txt line: 1973 (Royce_asoiaf_1),portraitcontext.cpp:184 No gene with key: gene_eye_size in group human at file: common/dna_data/test_dna_vale.txt line: * (Royce_asoiaf_1)
1,0,-1,portraitcontext.cpp:184,No gene with key: gene_eye_size in group human at file: common/dna_data/test_dna_valyrian.txt line: 11837 (Targaryen_asoiaf_12),portraitcontext.cpp:184 No gene with key: gene_eye_size in group human at file: common/dna_data/test_dna_valyrian.txt line: * (Targaryen_asoiaf_12)
1,0,-1,portraitcontext.cpp:184,No gene with key: gene_eye_size in group human at file: common/dna_data/test_dna_valyrian.txt line: 8773 (Targaryen_asoiaf_120),portraitcontext.cpp:184 No gene with key: gene_eye_size in group human at file: common/dna_data/test_dna_valyrian.txt line: * (Targaryen_asoiaf_120)
1,0,-1,portraitcontext.cpp:184,No gene with key: gene_eye_size in group human at file: common/dna_data/test_dna_valyrian.txt line: 10810 (Targaryen_asoiaf_3),portraitcontext.cpp:184 No gene with key: gene_eye_size in group human at file: common/dna_data/test_dna_valyrian.txt line: * (Targaryen_asoiaf_3)
1,0,-1,portraitcontext.cpp:184,No gene with key: gene_eye_size in group human at file: common/dna_data/test_dna_valyrian.txt line: 14675 (Velaryon_asoiaf_2),portraitcontext.cpp:184 No gene with key: gene_eye_size in group human at file: common/dna_data/test_dna_valyrian.txt line: * (Velaryon_asoiaf_2)
1,0,-1,portraitcontext.cpp:184,No gene with key: gene_eye_size in group human at file: common/dna_data/test_dna_valyrian.txt line: 14884 (Velaryon_asoiaf_5),portraitcontext.cpp:184 No gene with key: gene_eye_size in group human at file: common/dna_data/test_dna_valyrian.txt line: * (Velaryon_asoiaf_5)
1,0,-1,portraitcontext.cpp:184,No gene with key: gene_eye_size in group human at file: common/dna_data/test_dna_westerlands.txt line: 3758 (Clegane_asoiaf_3),portraitcontext.cpp:184 No gene with key: gene_eye_size in group human at file: common/dna_data/test_dna_westerlands.txt line: * (Clegane_asoiaf_3)
1,0,-1,portraitcontext.cpp:184,No gene with key: gene_eye_size in group human at file: common/dna_data/test_dna_westerlands.txt line: 3968 (Clegane_asoiaf_4),portraitcontext.cpp:184 No gene with key: gene_eye_size in group human at file: common/dna_data/test_dna_westerlands.txt line: * (Clegane_asoiaf_4)
1,0,-1,portraitcontext.cpp:184,No gene with key: gene_eye_size in group human at file: common/dna_data/test_dna_westerlands.txt line: 5754 (Payne_asoiaf_6),portraitcontext.cpp:184 No gene with key: gene_eye_size in group human at file: common/dna_data/test_dna_westerlands.txt line: * (Payne_asoiaf_6)
1,0,-1,portraitcontext.cpp:184,No gene with key: gene_eye_size in group human at file: common/dna_data/test_dna_westerlands.txt line: 5963 (Vikary_asoiaf_1),portraitcontext.cpp:184 No gene with key: gene_eye_size in group human at file: common/dna_data/test_dna_westerlands.txt line: * (Vikary_asoiaf_1)
1,0,-1,portraitcontext.cpp:184,No gene with key: gene_forehead_inner_brow_width in group human at file: common/dna_data/test_dna_crownlands.txt line: 156 (Slynt_asoiaf_1),portraitcontext.cpp:184 No gene with key: gene_forehead_inner_brow_width in group human at file: common/dna_data/test_dna_crownlands.txt line: * (Slynt_asoiaf_1)
1,0,-1,portraitcontext.cpp:184,No gene with key: gene_forehead_inner_brow_width in group human at file: common/dna_data/test_dna_dornish.txt line: 1988 (Dayne_asoiaf_4),portraitcontext.cpp:184 No gene with key: gene_forehead_inner_brow_width in group human at file: common/dna_data/test_dna_dornish.txt line: * (Dayne_asoiaf_4)
1,0,-1,portraitcontext.cpp:184,No gene with key: gene_forehead_inner_brow_width in group human at file: common/dna_data/test_dna_dornish.txt line: 1779 (Dayne_asoiaf_5),portraitcontext.cpp:184 No gene with key: gene_forehead_inner_brow_width in group human at file: common/dna_data/test_dna_dornish.txt line: * (Dayne_asoiaf_5)
1,0,-1,portraitcontext.cpp:184,No gene with key: gene_forehead_inner_brow_width in group human at file: common/dna_data/test_dna_essos.txt line: 1760 (Eunuch_asoiaf_1),portraitcontext.cpp:184 No gene with key: gene_forehead_inner_brow_width in group human at file: common/dna_data/test_dna_essos.txt line: * (Eunuch_asoiaf_1)
1,0,-1,portraitcontext.cpp:184,No gene with key: gene_forehead_inner_brow_width in group human at file: common/dna_data/test_dna_iron_isles.txt line: 575 (Greyjoy_asoiaf_9),portraitcontext.cpp:184 No gene with key: gene_forehead_inner_brow_width in group human at file: common/dna_data/test_dna_iron_isles.txt line: * (Greyjoy_asoiaf_9)
1,0,-1,portraitcontext.cpp:184,No gene with key: gene_forehead_inner_brow_width in group human at file: common/dna_data/test_dna_north.txt line: 5428 (Bolton_asoiaf_4),portraitcontext.cpp:184 No gene with key: gene_forehead_inner_brow_width in group human at file: common/dna_data/test_dna_north.txt line: * (Bolton_asoiaf_4)
1,0,-1,portraitcontext.cpp:184,No gene with key: gene_forehead_inner_brow_width in group human at file: common/dna_data/test_dna_north.txt line: 5637 (Bolton_asoiaf_5),portraitcontext.cpp:184 No gene with key: gene_forehead_inner_brow_width in group human at file: common/dna_data/test_dna_north.txt line: * (Bolton_asoiaf_5)
1,0,-1,portraitcontext.cpp:184,No gene with key: gene_forehead_inner_brow_width in group human at file: common/dna_data/test_dna_north.txt line: 1782 (Stark_asoiaf_6),portraitcontext.cpp:184 No gene with key: gene_forehead_inner_brow_width in group human at file: common/dna_data/test_dna_north.txt line: * (Stark_asoiaf_6)
1,0,-1,portraitcontext.cpp:184,No gene with key: gene_forehead_inner_brow_width in group human at file: common/dna_data/test_dna_reach.txt line: 352 (Tyrell_asoiaf_8),portraitcontext.cpp:184 No gene with key: gene_forehead_inner_brow_width in group human at file: common/dna_data/test_dna_reach.txt line: * (Tyrell_asoiaf_8)
1,0,-1,portraitcontext.cpp:184,No gene with key: gene_forehead_inner_brow_width in group human at file: common/dna_data/test_dna_riverlands.txt line: 365 (Tully_asoiaf_4),portraitcontext.cpp:184 No gene with key: gene_forehead_inner_brow_width in group human at file: common/dna_data/test_dna_riverlands.txt line: * (Tully_asoiaf_4)
1,0,-1,portraitcontext.cpp:184,No gene with key: gene_forehead_inner_brow_width in group human at file: common/dna_data/test_dna_riverlands.txt line: 574 (Tully_asoiaf_6),portraitcontext.cpp:184 No gene with key: gene_forehead_inner_brow_width in group human at file: common/dna_data/test_dna_riverlands.txt line: * (Tully_asoiaf_6)
1,0,-1,portraitcontext.cpp:184,No gene with key: gene_forehead_inner_brow_width in group human at file: common/dna_data/test_dna_riverlands.txt line: 993 (Tully_asoiaf_9),portraitcontext.cpp:184 No gene with key: gene_forehead_inner_brow_width in group human at file: common/dna_data/test_dna_riverlands.txt line: * (Tully_asoiaf_9)
1,0,-1,portraitcontext.cpp:184,No gene with key: gene_forehead_inner_brow_width in group human at file: common/dna_data/test_dna_stormlands.txt line: 1948 (Baratheon_asoiaf_2_1),portraitcontext.cpp:184 No gene with key: gene_forehead_inner_brow_width in group human at file: common/dna_data/test_dna_stormlands.txt line: * (Baratheon_asoiaf_2_1)
1,0,-1,portraitcontext.cpp:184,No gene with key: gene_forehead_inner_brow_width in group human at file: common/dna_data/test_dna_stormlands.txt line: 5007 (Melisandre_asoiaf_1),portraitcontext.cpp:184 No gene with key: gene_forehead_inner_brow_width in group human at file: common/dna_data/test_dna_stormlands.txt line: * (Melisandre_asoiaf_1)
1,0,-1,portraitcontext.cpp:184,No gene with key: gene_forehead_inner_brow_width in group human at file: common/dna_data/test_dna_stormlands.txt line: 4174 (Tarth_asoiaf_6),portraitcontext.cpp:184 No gene with key: gene_forehead_inner_brow_width in group human at file: common/dna_data/test_dna_stormlands.txt line: * (Tarth_asoiaf_6)
1,0,-1,portraitcontext.cpp:184,No gene with key: gene_forehead_inner_brow_width in group human at file: common/dna_data/test_dna_stormlands.txt line: 4593 (Trant_asoiaf_2),portraitcontext.cpp:184 No gene with key: gene_forehead_inner_brow_width in group human at file: common/dna_data/test_dna_stormlands.txt line: * (Trant_asoiaf_2)
1,0,-1,portraitcontext.cpp:184,No gene with key: gene_forehead_inner_brow_width in group human at file: common/dna_data/test_dna_vale.txt line: 1567 (Baelish_asoiaf_2),portraitcontext.cpp:184 No gene with key: gene_forehead_inner_brow_width in group human at file: common/dna_data/test_dna_vale.txt line: * (Baelish_asoiaf_2)
1,0,-1,portraitcontext.cpp:184,No gene with key: gene_forehead_inner_brow_width in group human at file: common/dna_data/test_dna_valyrian.txt line: 11845 (Targaryen_asoiaf_12),portraitcontext.cpp:184 No gene with key: gene_forehead_inner_brow_width in group human at file: common/dna_data/test_dna_valyrian.txt line: * (Targaryen_asoiaf_12)
1,0,-1,portraitcontext.cpp:184,No gene with key: gene_forehead_inner_brow_width in group human at file: common/dna_data/test_dna_valyrian.txt line: 8781 (Targaryen_asoiaf_120),portraitcontext.cpp:184 No gene with key: gene_forehead_inner_brow_width in group human at file: common/dna_data/test_dna_valyrian.txt line: * (Targaryen_asoiaf_120)
1,0,-1,portraitcontext.cpp:184,No gene with key: gene_forehead_inner_brow_width in group human at file: common/dna_data/test_dna_valyrian.txt line: 14892 (Velaryon_asoiaf_5),portraitcontext.cpp:184 No gene with key: gene_forehead_inner_brow_width in group human at file: common/dna_data/test_dna_valyrian.txt line: * (Velaryon_asoiaf_5)
1,0,-1,portraitcontext.cpp:239,Trying to read gene gene_bs_ear_outward a second time at file: common/bookmark_portraits/bookmark_282_eddard_stark.txt line: 207 (bookmark_282_eddard_stark),portraitcontext.cpp:239 Trying to read gene gene_bs_ear_outward a second time at file: common/bookmark_portraits/bookmark_282_eddard_stark.txt line: * (bookmark_282_eddard_stark)
1,0,-1,portraitcontext.cpp:239,Trying to read gene gene_bs_ear_outward a second time at file: common/bookmark_portraits/bookmark_282_robert_baratheon.txt line: 204 (bookmark_282_robert_baratheon),portraitcontext.cpp:239 Trying to read gene gene_bs_ear_outward a second time at file: common/bookmark_portraits/bookmark_282_robert_baratheon.txt line: * (bookmark_282_robert_baratheon)
