File,MeshIndex,Channel,Vertices,PayloadSHA256,IdenticalChannels,Min,Max,UniqueUVPairs,Start,End,RemoveProposed
gfx/models/portraits/f_cloaks/asoiaf/asoiaf_crownlands/f_asoiaf_gold_cloak_cloak/f_asoiaf_gold_cloak_cloak.mesh,0,u0,1632,4E8BB264B504A0AA4A6D0D1F0FB7FDCA715A9E0CE04EBFA0FCE4206AC54E956F,[],0.007480621337890625,0.9912109375,1523,65381,78446,False
gfx/models/portraits/f_cloaks/asoiaf/asoiaf_crownlands/f_asoiaf_gold_cloak_cloak/f_asoiaf_gold_cloak_cloak.mesh,0,u1,1632,88929100377121FF340F3D8C80AD7A115740FB5681D4A435EE10D006932299FE,[],30.315162658691406,150.78175354003906,1397,78446,91511,False
gfx/models/portraits/f_cloaks/asoiaf/asoiaf_crownlands/f_asoiaf_gold_cloak_cloak/f_asoiaf_gold_cloak_cloak.mesh,0,u2,1632,F7A7BCAA15787F5518C18A55C17C4A60AC9378B58B7D6FCBA81712D06D2F2556,[],-1.0,0.9921259880065918,242,91511,104576,False
gfx/models/portraits/f_cloaks/asoiaf/asoiaf_crownlands/f_asoiaf_gold_cloak_cloak/f_asoiaf_gold_cloak_cloak.mesh,0,u3,1632,0E362FEB37384DFEC64691DB67577EFAFB338D7F7B30C4EED55A7B13B23A97D7,[],156.693603515625,392.6115417480469,1398,104576,117641,True
gfx/models/portraits/f_clothes/asoiaf/asoiaf_crownlands/asoiaf_dragonstone/f_asoiaf_dragonstone_armour_low/f_asoiaf_dragonstone_armour_low.mesh,0,u0,3383,1984160BB40838D24F7E4726C152E1BFB8E4587367771B75AB97DD5CDFC8905F,"['u1', 'u2', 'u3']",0.0008563995361328125,0.99853515625,2645,135427,162500,False
gfx/models/portraits/f_clothes/asoiaf/asoiaf_crownlands/asoiaf_dragonstone/f_asoiaf_dragonstone_armour_low/f_asoiaf_dragonstone_armour_low.mesh,0,u1,3383,1984160BB40838D24F7E4726C152E1BFB8E4587367771B75AB97DD5CDFC8905F,"['u0', 'u2', 'u3']",0.0008563995361328125,0.99853515625,2645,162500,189573,False
gfx/models/portraits/f_clothes/asoiaf/asoiaf_crownlands/asoiaf_dragonstone/f_asoiaf_dragonstone_armour_low/f_asoiaf_dragonstone_armour_low.mesh,0,u2,3383,1984160BB40838D24F7E4726C152E1BFB8E4587367771B75AB97DD5CDFC8905F,"['u0', 'u1', 'u3']",0.0008563995361328125,0.99853515625,2645,189573,216646,False
gfx/models/portraits/f_clothes/asoiaf/asoiaf_crownlands/asoiaf_dragonstone/f_asoiaf_dragonstone_armour_low/f_asoiaf_dragonstone_armour_low.mesh,0,u3,3383,1984160BB40838D24F7E4726C152E1BFB8E4587367771B75AB97DD5CDFC8905F,"['u0', 'u1', 'u2']",0.0008563995361328125,0.99853515625,2645,216646,243719,True
gfx/models/portraits/f_clothes/asoiaf/asoiaf_crownlands/f_asoiaf_gold_cloak_armour/f_asoiaf_gold_cloak_armour.mesh,0,u0,14876,0BD2D940C12E58ECC081F155D1E750A13382839CCA1255304ABCCCD2033A9D5E,[],0.004169464111328125,0.99658203125,4274,595142,714159,False
gfx/models/portraits/f_clothes/asoiaf/asoiaf_crownlands/f_asoiaf_gold_cloak_armour/f_asoiaf_gold_cloak_armour.mesh,0,u1,14876,3ABA372FDF6B434CE4445EC67146F6F604C4ECA20F574F4D6A541E17CC5D0916,[],42.12092590332031,164.9364013671875,8368,714159,833176,False
gfx/models/portraits/f_clothes/asoiaf/asoiaf_crownlands/f_asoiaf_gold_cloak_armour/f_asoiaf_gold_cloak_armour.mesh,0,u2,14876,29E2A31044F7CDDC2D2CB3EE7580C347FA62814AA67E266E74C730CC81BDAC01,[],-1.0,1.0,255,833176,952193,False
gfx/models/portraits/f_clothes/asoiaf/asoiaf_crownlands/f_asoiaf_gold_cloak_armour/f_asoiaf_gold_cloak_armour.mesh,0,u3,14876,B474E7EB139889FF95F02AEAA3EB1DFA42D69CD9420575D9A5A6BDB711A11C53,[],-445.208251953125,-162.330322265625,10083,952193,1071210,True
gfx/models/portraits/f_clothes/asoiaf/asoiaf_religious_clothing/asoiaf_silent_sister_robes/f_asoiaf_silent_sister_robes.mesh,0,u0,23013,C070855D5DDB4BAE908EF74033DF81A420A787A3929F4077619AFCEAAF2E5D63,"['u1', 'u2', 'u3']",0.00695037841796875,0.99365234375,2811,920622,1104735,False
gfx/models/portraits/f_clothes/asoiaf/asoiaf_religious_clothing/asoiaf_silent_sister_robes/f_asoiaf_silent_sister_robes.mesh,0,u1,23013,C070855D5DDB4BAE908EF74033DF81A420A787A3929F4077619AFCEAAF2E5D63,"['u0', 'u2', 'u3']",0.00695037841796875,0.99365234375,2811,1104735,1288848,False
gfx/models/portraits/f_clothes/asoiaf/asoiaf_religious_clothing/asoiaf_silent_sister_robes/f_asoiaf_silent_sister_robes.mesh,0,u2,23013,C070855D5DDB4BAE908EF74033DF81A420A787A3929F4077619AFCEAAF2E5D63,"['u0', 'u1', 'u3']",0.00695037841796875,0.99365234375,2811,1288848,1472961,False
gfx/models/portraits/f_clothes/asoiaf/asoiaf_religious_clothing/asoiaf_silent_sister_robes/f_asoiaf_silent_sister_robes.mesh,0,u3,23013,C070855D5DDB4BAE908EF74033DF81A420A787A3929F4077619AFCEAAF2E5D63,"['u0', 'u1', 'u2']",0.00695037841796875,0.99365234375,2811,1472961,1657074,True
gfx/models/portraits/f_headgears/asoiaf/asoiaf_crownlands/f_asoiaf_gold_cloak_helm/f_asoiaf_gold_cloak_helm.mesh,0,u0,1398,CD6FD4790360136667CF3F2F81B81701CE124738D9F1427B2859577BC27582D4,[],0.006198883056640625,0.990234375,800,56020,67213,False
gfx/models/portraits/f_headgears/asoiaf/asoiaf_crownlands/f_asoiaf_gold_cloak_helm/f_asoiaf_gold_cloak_helm.mesh,0,u1,1398,31E190504018F47D3B929598D2A9ADC6CB3C7ABF739619FAEC5546BC9824F731,[],136.78086853027344,193.40072631835938,1073,67213,78406,False
gfx/models/portraits/f_headgears/asoiaf/asoiaf_crownlands/f_asoiaf_gold_cloak_helm/f_asoiaf_gold_cloak_helm.mesh,0,u2,1398,3C4315D29DE3A2CCBA04CD41CE893359FB766DE46933403EE5A170ED9F203203,[],-1.0,1.0,253,78406,89599,False
gfx/models/portraits/f_headgears/asoiaf/asoiaf_crownlands/f_asoiaf_gold_cloak_helm/f_asoiaf_gold_cloak_helm.mesh,0,u3,1398,295E8D1D7D047E7EF8E40C01696B9E6C672A7AC2EDC5756342024DFD5AF38BC2,[],-435.5161437988281,-176.29640197753906,1174,89599,100792,True
gfx/models/portraits/f_jewellery/asoiaf/asoiaf_generic/asoiaf_shark_tooth_necklace/f_asoiaf_shark_tooth_necklace.mesh,0,u0,327,9AC00EB5089D2D562E6A296DE1AB1A953379F8614EA1F11BF14A55E77ED325A0,"['u1', 'u2', 'u3']",0.304443359375,0.849609375,327,13183,15808,False
gfx/models/portraits/f_jewellery/asoiaf/asoiaf_generic/asoiaf_shark_tooth_necklace/f_asoiaf_shark_tooth_necklace.mesh,0,u1,327,9AC00EB5089D2D562E6A296DE1AB1A953379F8614EA1F11BF14A55E77ED325A0,"['u0', 'u2', 'u3']",0.304443359375,0.849609375,327,15808,18433,False
gfx/models/portraits/f_jewellery/asoiaf/asoiaf_generic/asoiaf_shark_tooth_necklace/f_asoiaf_shark_tooth_necklace.mesh,0,u2,327,9AC00EB5089D2D562E6A296DE1AB1A953379F8614EA1F11BF14A55E77ED325A0,"['u0', 'u1', 'u3']",0.304443359375,0.849609375,327,18433,21058,False
gfx/models/portraits/f_jewellery/asoiaf/asoiaf_generic/asoiaf_shark_tooth_necklace/f_asoiaf_shark_tooth_necklace.mesh,0,u3,327,9AC00EB5089D2D562E6A296DE1AB1A953379F8614EA1F11BF14A55E77ED325A0,"['u0', 'u1', 'u2']",0.304443359375,0.849609375,327,21058,23683,True
gfx/models/portraits/f_legwear/asoiaf/asoiaf_crownlands/f_asoiaf_dragonstone_legs/f_asoiaf_dragonstone_legs.mesh,0,u0,1137,AD95A7EF53DD913509AB36831A9B44998F0574CD81289FB890A569FA4A4ACC6F,"['u1', 'u2', 'u3']",0.1201171875,0.9990234375,573,45581,54686,False
gfx/models/portraits/f_legwear/asoiaf/asoiaf_crownlands/f_asoiaf_dragonstone_legs/f_asoiaf_dragonstone_legs.mesh,0,u1,1137,AD95A7EF53DD913509AB36831A9B44998F0574CD81289FB890A569FA4A4ACC6F,"['u0', 'u2', 'u3']",0.1201171875,0.9990234375,573,54686,63791,False
gfx/models/portraits/f_legwear/asoiaf/asoiaf_crownlands/f_asoiaf_dragonstone_legs/f_asoiaf_dragonstone_legs.mesh,0,u2,1137,AD95A7EF53DD913509AB36831A9B44998F0574CD81289FB890A569FA4A4ACC6F,"['u0', 'u1', 'u3']",0.1201171875,0.9990234375,573,63791,72896,False
gfx/models/portraits/f_legwear/asoiaf/asoiaf_crownlands/f_asoiaf_dragonstone_legs/f_asoiaf_dragonstone_legs.mesh,0,u3,1137,AD95A7EF53DD913509AB36831A9B44998F0574CD81289FB890A569FA4A4ACC6F,"['u0', 'u1', 'u2']",0.1201171875,0.9990234375,573,72896,82001,True
gfx/models/portraits/f_legwear/asoiaf/asoiaf_crownlands/f_asoiaf_gold_cloak_legs/f_asoiaf_gold_cloak_legs.mesh,0,u0,1970,6E8901C180BD7C853FE615DC55663F9D907BEE7A81D554B70AABAB79E44EDC67,[],0.00914764404296875,0.9912109375,1219,78900,94669,False
gfx/models/portraits/f_legwear/asoiaf/asoiaf_crownlands/f_asoiaf_gold_cloak_legs/f_asoiaf_gold_cloak_legs.mesh,0,u1,1970,DB2C68B1D3AEDB3A281F1F667B24BD2090951B5056F732287B7EE03F23DA6C45,[],-0.13421130180358887,115.80490112304688,897,94669,110438,False
gfx/models/portraits/f_legwear/asoiaf/asoiaf_crownlands/f_asoiaf_gold_cloak_legs/f_asoiaf_gold_cloak_legs.mesh,0,u2,1970,D77FD2C60C3F59E8A709D975E21D75983E19F01E985D517CD24DB4806F482ED7,[],-1.0,1.0,234,110438,126207,False
gfx/models/portraits/f_legwear/asoiaf/asoiaf_crownlands/f_asoiaf_gold_cloak_legs/f_asoiaf_gold_cloak_legs.mesh,0,u3,1970,9398134FD4FE5CC5E7EC5264ABBED57D83C3BCBCE7A9A2E7EFA3E73B55897FB1,[],-434.30303955078125,-175.28781127929688,1049,126207,141976,True
gfx/models/portraits/f_legwear/asoiaf/asoiaf_generic/f_asoiaf_leather_boots_1/f_asoiaf_leather_boots_1.mesh,0,u0,580,00C1E79337AEBB437B19B2E84F0EF3F1DDA41FDB22713ED95DB0F73D984E5887,"['u1', 'u2', 'u3']",0.0081329345703125,0.9091796875,290,23300,27949,False
gfx/models/portraits/f_legwear/asoiaf/asoiaf_generic/f_asoiaf_leather_boots_1/f_asoiaf_leather_boots_1.mesh,0,u1,580,00C1E79337AEBB437B19B2E84F0EF3F1DDA41FDB22713ED95DB0F73D984E5887,"['u0', 'u2', 'u3']",0.0081329345703125,0.9091796875,290,27949,32598,False
gfx/models/portraits/f_legwear/asoiaf/asoiaf_generic/f_asoiaf_leather_boots_1/f_asoiaf_leather_boots_1.mesh,0,u2,580,00C1E79337AEBB437B19B2E84F0EF3F1DDA41FDB22713ED95DB0F73D984E5887,"['u0', 'u1', 'u3']",0.0081329345703125,0.9091796875,290,32598,37247,False
gfx/models/portraits/f_legwear/asoiaf/asoiaf_generic/f_asoiaf_leather_boots_1/f_asoiaf_leather_boots_1.mesh,0,u3,580,00C1E79337AEBB437B19B2E84F0EF3F1DDA41FDB22713ED95DB0F73D984E5887,"['u0', 'u1', 'u2']",0.0081329345703125,0.9091796875,290,37247,41896,True
gfx/models/portraits/f_legwear/asoiaf/asoiaf_iron_isles/f_asoiaf_greyjoy_legs/f_asoiaf_greyjoy_legs.mesh,0,u0,1209,306D820AE5CA390921C717E640885E03A492A5537E20ABC9897658A5040BE8DD,"['u1', 'u2', 'u3']",0.00684356689453125,0.96875,614,48457,58138,False
gfx/models/portraits/f_legwear/asoiaf/asoiaf_iron_isles/f_asoiaf_greyjoy_legs/f_asoiaf_greyjoy_legs.mesh,0,u1,1209,306D820AE5CA390921C717E640885E03A492A5537E20ABC9897658A5040BE8DD,"['u0', 'u2', 'u3']",0.00684356689453125,0.96875,614,58138,67819,False
gfx/models/portraits/f_legwear/asoiaf/asoiaf_iron_isles/f_asoiaf_greyjoy_legs/f_asoiaf_greyjoy_legs.mesh,0,u2,1209,306D820AE5CA390921C717E640885E03A492A5537E20ABC9897658A5040BE8DD,"['u0', 'u1', 'u3']",0.00684356689453125,0.96875,614,67819,77500,False
gfx/models/portraits/f_legwear/asoiaf/asoiaf_iron_isles/f_asoiaf_greyjoy_legs/f_asoiaf_greyjoy_legs.mesh,0,u3,1209,306D820AE5CA390921C717E640885E03A492A5537E20ABC9897658A5040BE8DD,"['u0', 'u1', 'u2']",0.00684356689453125,0.96875,614,77500,87181,True
gfx/models/portraits/m_cloaks/asoiaf/asoiaf_crownlands/asoiaf_gold_cloak_cloak/asoiaf_gold_cloak_cloak.mesh,0,u0,1632,4E8BB264B504A0AA4A6D0D1F0FB7FDCA715A9E0CE04EBFA0FCE4206AC54E956F,[],0.007480621337890625,0.9912109375,1523,65379,78444,False
gfx/models/portraits/m_cloaks/asoiaf/asoiaf_crownlands/asoiaf_gold_cloak_cloak/asoiaf_gold_cloak_cloak.mesh,0,u1,1632,88929100377121FF340F3D8C80AD7A115740FB5681D4A435EE10D006932299FE,[],30.315162658691406,150.78175354003906,1397,78444,91509,False
gfx/models/portraits/m_cloaks/asoiaf/asoiaf_crownlands/asoiaf_gold_cloak_cloak/asoiaf_gold_cloak_cloak.mesh,0,u2,1632,F7A7BCAA15787F5518C18A55C17C4A60AC9378B58B7D6FCBA81712D06D2F2556,[],-1.0,0.9921259880065918,242,91509,104574,False
gfx/models/portraits/m_cloaks/asoiaf/asoiaf_crownlands/asoiaf_gold_cloak_cloak/asoiaf_gold_cloak_cloak.mesh,0,u3,1632,0E362FEB37384DFEC64691DB67577EFAFB338D7F7B30C4EED55A7B13B23A97D7,[],156.693603515625,392.6115417480469,1398,104574,117639,True
gfx/models/portraits/m_clothes/asoiaf/asoiaf_crownlands/asoiaf_dragonstone/asoiaf_dragonstone_armour_low/asoiaf_dragonstone_armour_low.mesh,0,u0,3383,1984160BB40838D24F7E4726C152E1BFB8E4587367771B75AB97DD5CDFC8905F,"['u1', 'u2', 'u3']",0.0008563995361328125,0.99853515625,2645,135425,162498,False
gfx/models/portraits/m_clothes/asoiaf/asoiaf_crownlands/asoiaf_dragonstone/asoiaf_dragonstone_armour_low/asoiaf_dragonstone_armour_low.mesh,0,u1,3383,1984160BB40838D24F7E4726C152E1BFB8E4587367771B75AB97DD5CDFC8905F,"['u0', 'u2', 'u3']",0.0008563995361328125,0.99853515625,2645,162498,189571,False
gfx/models/portraits/m_clothes/asoiaf/asoiaf_crownlands/asoiaf_dragonstone/asoiaf_dragonstone_armour_low/asoiaf_dragonstone_armour_low.mesh,0,u2,3383,1984160BB40838D24F7E4726C152E1BFB8E4587367771B75AB97DD5CDFC8905F,"['u0', 'u1', 'u3']",0.0008563995361328125,0.99853515625,2645,189571,216644,False
gfx/models/portraits/m_clothes/asoiaf/asoiaf_crownlands/asoiaf_dragonstone/asoiaf_dragonstone_armour_low/asoiaf_dragonstone_armour_low.mesh,0,u3,3383,1984160BB40838D24F7E4726C152E1BFB8E4587367771B75AB97DD5CDFC8905F,"['u0', 'u1', 'u2']",0.0008563995361328125,0.99853515625,2645,216644,243717,True
gfx/models/portraits/m_clothes/asoiaf/asoiaf_crownlands/asoiaf_gold_cloak_armour/asoiaf_gold_cloak_armour.mesh,0,u0,14876,0BD2D940C12E58ECC081F155D1E750A13382839CCA1255304ABCCCD2033A9D5E,[],0.004169464111328125,0.99658203125,4274,595140,714157,False
gfx/models/portraits/m_clothes/asoiaf/asoiaf_crownlands/asoiaf_gold_cloak_armour/asoiaf_gold_cloak_armour.mesh,0,u1,14876,3ABA372FDF6B434CE4445EC67146F6F604C4ECA20F574F4D6A541E17CC5D0916,[],42.12092590332031,164.9364013671875,8368,714157,833174,False
gfx/models/portraits/m_clothes/asoiaf/asoiaf_crownlands/asoiaf_gold_cloak_armour/asoiaf_gold_cloak_armour.mesh,0,u2,14876,29E2A31044F7CDDC2D2CB3EE7580C347FA62814AA67E266E74C730CC81BDAC01,[],-1.0,1.0,255,833174,952191,False
gfx/models/portraits/m_clothes/asoiaf/asoiaf_crownlands/asoiaf_gold_cloak_armour/asoiaf_gold_cloak_armour.mesh,0,u3,14876,B474E7EB139889FF95F02AEAA3EB1DFA42D69CD9420575D9A5A6BDB711A11C53,[],-445.208251953125,-162.330322265625,10083,952191,1071208,True
gfx/models/portraits/m_clothes/asoiaf/asoiaf_iron_isles/asoiaf_greyjoy_armour_dynast/asoiaf_greyjoy_armour_dynast.mesh,0,u0,11953,31D6E286D5A9D1CA2C6F7AE3D013AFEB58D64DF92150EAEA28863241FE7E1883,"['u1', 'u2', 'u3']",-0.376220703125,1.7060546875,6627,478224,573857,False
gfx/models/portraits/m_clothes/asoiaf/asoiaf_iron_isles/asoiaf_greyjoy_armour_dynast/asoiaf_greyjoy_armour_dynast.mesh,0,u1,11953,31D6E286D5A9D1CA2C6F7AE3D013AFEB58D64DF92150EAEA28863241FE7E1883,"['u0', 'u2', 'u3']",-0.376220703125,1.7060546875,6627,573857,669490,False
gfx/models/portraits/m_clothes/asoiaf/asoiaf_iron_isles/asoiaf_greyjoy_armour_dynast/asoiaf_greyjoy_armour_dynast.mesh,0,u2,11953,31D6E286D5A9D1CA2C6F7AE3D013AFEB58D64DF92150EAEA28863241FE7E1883,"['u0', 'u1', 'u3']",-0.376220703125,1.7060546875,6627,669490,765123,False
gfx/models/portraits/m_clothes/asoiaf/asoiaf_iron_isles/asoiaf_greyjoy_armour_dynast/asoiaf_greyjoy_armour_dynast.mesh,0,u3,11953,31D6E286D5A9D1CA2C6F7AE3D013AFEB58D64DF92150EAEA28863241FE7E1883,"['u0', 'u1', 'u2']",-0.376220703125,1.7060546875,6627,765123,860756,True
gfx/models/portraits/m_clothes/asoiaf/asoiaf_iron_isles/asoiaf_greyjoy_armour_dynast/asoiaf_greyjoy_armour_dynast.mesh,1,u0,187,605818EA14C92F0429154CBCC8FC196CEFA339D64C1A42E646AC038D53EBFEA1,"['u1', 'u2', 'u3']",0.3935546875,0.93212890625,116,1483128,1484633,False
gfx/models/portraits/m_clothes/asoiaf/asoiaf_iron_isles/asoiaf_greyjoy_armour_dynast/asoiaf_greyjoy_armour_dynast.mesh,1,u1,187,605818EA14C92F0429154CBCC8FC196CEFA339D64C1A42E646AC038D53EBFEA1,"['u0', 'u2', 'u3']",0.3935546875,0.93212890625,116,1484633,1486138,False
gfx/models/portraits/m_clothes/asoiaf/asoiaf_iron_isles/asoiaf_greyjoy_armour_dynast/asoiaf_greyjoy_armour_dynast.mesh,1,u2,187,605818EA14C92F0429154CBCC8FC196CEFA339D64C1A42E646AC038D53EBFEA1,"['u0', 'u1', 'u3']",0.3935546875,0.93212890625,116,1486138,1487643,False
gfx/models/portraits/m_clothes/asoiaf/asoiaf_iron_isles/asoiaf_greyjoy_armour_dynast/asoiaf_greyjoy_armour_dynast.mesh,1,u3,187,605818EA14C92F0429154CBCC8FC196CEFA339D64C1A42E646AC038D53EBFEA1,"['u0', 'u1', 'u2']",0.3935546875,0.93212890625,116,1487643,1489148,True
gfx/models/portraits/m_clothes/asoiaf/asoiaf_iron_isles/asoiaf_greyjoy_armour_high/asoiaf_greyjoy_armour_high.mesh,0,u0,10149,F684EF4025B723780DFF431A7F880CD49806BE2E90CB0964E630C7108A7C97FC,"['u1', 'u2', 'u3']",-0.376220703125,1.7060546875,5780,406062,487263,False
gfx/models/portraits/m_clothes/asoiaf/asoiaf_iron_isles/asoiaf_greyjoy_armour_high/asoiaf_greyjoy_armour_high.mesh,0,u1,10149,F684EF4025B723780DFF431A7F880CD49806BE2E90CB0964E630C7108A7C97FC,"['u0', 'u2', 'u3']",-0.376220703125,1.7060546875,5780,487263,568464,False
gfx/models/portraits/m_clothes/asoiaf/asoiaf_iron_isles/asoiaf_greyjoy_armour_high/asoiaf_greyjoy_armour_high.mesh,0,u2,10149,F684EF4025B723780DFF431A7F880CD49806BE2E90CB0964E630C7108A7C97FC,"['u0', 'u1', 'u3']",-0.376220703125,1.7060546875,5780,568464,649665,False
gfx/models/portraits/m_clothes/asoiaf/asoiaf_iron_isles/asoiaf_greyjoy_armour_high/asoiaf_greyjoy_armour_high.mesh,0,u3,10149,F684EF4025B723780DFF431A7F880CD49806BE2E90CB0964E630C7108A7C97FC,"['u0', 'u1', 'u2']",-0.376220703125,1.7060546875,5780,649665,730866,True
gfx/models/portraits/m_clothes/asoiaf/asoiaf_iron_isles/asoiaf_ironborn_armour_dynast_coa/asoiaf_ironborn_armour_dynast_coa.mesh,0,u0,11542,084A8CD9EB74B7FE4063C629CD22235B8D1D0BDB963203BB377300E6AAA36E65,"['u1', 'u2', 'u3']",-0.376220703125,1.7060546875,6216,461789,554134,False
gfx/models/portraits/m_clothes/asoiaf/asoiaf_iron_isles/asoiaf_ironborn_armour_dynast_coa/asoiaf_ironborn_armour_dynast_coa.mesh,0,u1,11542,084A8CD9EB74B7FE4063C629CD22235B8D1D0BDB963203BB377300E6AAA36E65,"['u0', 'u2', 'u3']",-0.376220703125,1.7060546875,6216,554134,646479,False
gfx/models/portraits/m_clothes/asoiaf/asoiaf_iron_isles/asoiaf_ironborn_armour_dynast_coa/asoiaf_ironborn_armour_dynast_coa.mesh,0,u2,11542,084A8CD9EB74B7FE4063C629CD22235B8D1D0BDB963203BB377300E6AAA36E65,"['u0', 'u1', 'u3']",-0.376220703125,1.7060546875,6216,646479,738824,False
gfx/models/portraits/m_clothes/asoiaf/asoiaf_iron_isles/asoiaf_ironborn_armour_dynast_coa/asoiaf_ironborn_armour_dynast_coa.mesh,0,u3,11542,084A8CD9EB74B7FE4063C629CD22235B8D1D0BDB963203BB377300E6AAA36E65,"['u0', 'u1', 'u2']",-0.376220703125,1.7060546875,6216,738824,831169,True
gfx/models/portraits/m_clothes/asoiaf/asoiaf_iron_isles/asoiaf_ironborn_armour_dynast_coa/asoiaf_ironborn_armour_dynast_coa.mesh,1,u0,187,605818EA14C92F0429154CBCC8FC196CEFA339D64C1A42E646AC038D53EBFEA1,"['u1', 'u2', 'u3']",0.3935546875,0.93212890625,116,1431802,1433307,False
gfx/models/portraits/m_clothes/asoiaf/asoiaf_iron_isles/asoiaf_ironborn_armour_dynast_coa/asoiaf_ironborn_armour_dynast_coa.mesh,1,u1,187,605818EA14C92F0429154CBCC8FC196CEFA339D64C1A42E646AC038D53EBFEA1,"['u0', 'u2', 'u3']",0.3935546875,0.93212890625,116,1433307,1434812,False
gfx/models/portraits/m_clothes/asoiaf/asoiaf_iron_isles/asoiaf_ironborn_armour_dynast_coa/asoiaf_ironborn_armour_dynast_coa.mesh,1,u2,187,605818EA14C92F0429154CBCC8FC196CEFA339D64C1A42E646AC038D53EBFEA1,"['u0', 'u1', 'u3']",0.3935546875,0.93212890625,116,1434812,1436317,False
gfx/models/portraits/m_clothes/asoiaf/asoiaf_iron_isles/asoiaf_ironborn_armour_dynast_coa/asoiaf_ironborn_armour_dynast_coa.mesh,1,u3,187,605818EA14C92F0429154CBCC8FC196CEFA339D64C1A42E646AC038D53EBFEA1,"['u0', 'u1', 'u2']",0.3935546875,0.93212890625,116,1436317,1437822,True
gfx/models/portraits/m_clothes/asoiaf/asoiaf_iron_isles/asoiaf_ironborn_armour_high_coa/asoiaf_ironborn_armour_high_coa.mesh,0,u0,9738,BEC9CAD150F1AA322A139B729AA725ACBC29FAD31C303093666EB5A89CE01399,"['u1', 'u2', 'u3']",-0.376220703125,1.7060546875,5369,389627,467540,False
gfx/models/portraits/m_clothes/asoiaf/asoiaf_iron_isles/asoiaf_ironborn_armour_high_coa/asoiaf_ironborn_armour_high_coa.mesh,0,u1,9738,BEC9CAD150F1AA322A139B729AA725ACBC29FAD31C303093666EB5A89CE01399,"['u0', 'u2', 'u3']",-0.376220703125,1.7060546875,5369,467540,545453,False
gfx/models/portraits/m_clothes/asoiaf/asoiaf_iron_isles/asoiaf_ironborn_armour_high_coa/asoiaf_ironborn_armour_high_coa.mesh,0,u2,9738,BEC9CAD150F1AA322A139B729AA725ACBC29FAD31C303093666EB5A89CE01399,"['u0', 'u1', 'u3']",-0.376220703125,1.7060546875,5369,545453,623366,False
gfx/models/portraits/m_clothes/asoiaf/asoiaf_iron_isles/asoiaf_ironborn_armour_high_coa/asoiaf_ironborn_armour_high_coa.mesh,0,u3,9738,BEC9CAD150F1AA322A139B729AA725ACBC29FAD31C303093666EB5A89CE01399,"['u0', 'u1', 'u2']",-0.376220703125,1.7060546875,5369,623366,701279,True
gfx/models/portraits/m_clothes/asoiaf/asoiaf_reach/asoiaf_tyrell_armour_high/asoiaf_tyrell_armour_high.mesh,0,u0,4671,0D65D06A4A2734D35FA21140D695D987EBCB97D22199E7B8B7A353FEC5293A37,"['u1', 'u2', 'u3']",0.0021381378173828125,0.9990234375,3036,186941,224318,False
gfx/models/portraits/m_clothes/asoiaf/asoiaf_reach/asoiaf_tyrell_armour_high/asoiaf_tyrell_armour_high.mesh,0,u1,4671,0D65D06A4A2734D35FA21140D695D987EBCB97D22199E7B8B7A353FEC5293A37,"['u0', 'u2', 'u3']",0.0021381378173828125,0.9990234375,3036,224318,261695,False
gfx/models/portraits/m_clothes/asoiaf/asoiaf_reach/asoiaf_tyrell_armour_high/asoiaf_tyrell_armour_high.mesh,0,u2,4671,0D65D06A4A2734D35FA21140D695D987EBCB97D22199E7B8B7A353FEC5293A37,"['u0', 'u1', 'u3']",0.0021381378173828125,0.9990234375,3036,261695,299072,False
gfx/models/portraits/m_clothes/asoiaf/asoiaf_reach/asoiaf_tyrell_armour_high/asoiaf_tyrell_armour_high.mesh,0,u3,4671,0D65D06A4A2734D35FA21140D695D987EBCB97D22199E7B8B7A353FEC5293A37,"['u0', 'u1', 'u2']",0.0021381378173828125,0.9990234375,3036,299072,336449,True
gfx/models/portraits/m_clothes/asoiaf/asoiaf_religious_clothing/asoiaf_drowned_man_robes/asoiaf_drowned_man_robes_high/asoiaf_drowned_man_robes_high.mesh,0,u0,7282,3C12056B70EA7D1A431A503AA5F8C0DF6CDFE2B3335FF1B429369B3F7A415A8E,"['u1', 'u2', 'u3']",0.003993988037109375,1.0,4114,291385,349650,False
gfx/models/portraits/m_clothes/asoiaf/asoiaf_religious_clothing/asoiaf_drowned_man_robes/asoiaf_drowned_man_robes_high/asoiaf_drowned_man_robes_high.mesh,0,u1,7282,3C12056B70EA7D1A431A503AA5F8C0DF6CDFE2B3335FF1B429369B3F7A415A8E,"['u0', 'u2', 'u3']",0.003993988037109375,1.0,4114,349650,407915,False
gfx/models/portraits/m_clothes/asoiaf/asoiaf_religious_clothing/asoiaf_drowned_man_robes/asoiaf_drowned_man_robes_high/asoiaf_drowned_man_robes_high.mesh,0,u2,7282,3C12056B70EA7D1A431A503AA5F8C0DF6CDFE2B3335FF1B429369B3F7A415A8E,"['u0', 'u1', 'u3']",0.003993988037109375,1.0,4114,407915,466180,False
gfx/models/portraits/m_clothes/asoiaf/asoiaf_religious_clothing/asoiaf_drowned_man_robes/asoiaf_drowned_man_robes_high/asoiaf_drowned_man_robes_high.mesh,0,u3,7282,3C12056B70EA7D1A431A503AA5F8C0DF6CDFE2B3335FF1B429369B3F7A415A8E,"['u0', 'u1', 'u2']",0.003993988037109375,1.0,4114,466180,524445,True
gfx/models/portraits/m_clothes/asoiaf/asoiaf_religious_clothing/asoiaf_drowned_man_robes/asoiaf_drowned_man_robes_low/asoiaf_drowned_man_robes_low.mesh,0,u0,6399,15991C7D6640B40E637BFB165992FE251E6ECAD4915C1E831731BBB168C921FB,"['u1', 'u2', 'u3']",0.003993988037109375,1.0,4115,256064,307265,False
gfx/models/portraits/m_clothes/asoiaf/asoiaf_religious_clothing/asoiaf_drowned_man_robes/asoiaf_drowned_man_robes_low/asoiaf_drowned_man_robes_low.mesh,0,u1,6399,15991C7D6640B40E637BFB165992FE251E6ECAD4915C1E831731BBB168C921FB,"['u0', 'u2', 'u3']",0.003993988037109375,1.0,4115,307265,358466,False
gfx/models/portraits/m_clothes/asoiaf/asoiaf_religious_clothing/asoiaf_drowned_man_robes/asoiaf_drowned_man_robes_low/asoiaf_drowned_man_robes_low.mesh,0,u2,6399,15991C7D6640B40E637BFB165992FE251E6ECAD4915C1E831731BBB168C921FB,"['u0', 'u1', 'u3']",0.003993988037109375,1.0,4115,358466,409667,False
gfx/models/portraits/m_clothes/asoiaf/asoiaf_religious_clothing/asoiaf_drowned_man_robes/asoiaf_drowned_man_robes_low/asoiaf_drowned_man_robes_low.mesh,0,u3,6399,15991C7D6640B40E637BFB165992FE251E6ECAD4915C1E831731BBB168C921FB,"['u0', 'u1', 'u2']",0.003993988037109375,1.0,4115,409667,460868,True
gfx/models/portraits/m_clothes/asoiaf/asoiaf_religious_clothing/asoiaf_septon_robes/asoiaf_septon_robes_1/asoiaf_septon_robes_1.mesh,0,u0,6651,0DB491A888D0934222461A85B7526EE95D49E0185744DED6E05EC0992B385627,"['u1', 'u2', 'u3']",0.00554656982421875,1.9072265625,1399,266137,319354,False
gfx/models/portraits/m_clothes/asoiaf/asoiaf_religious_clothing/asoiaf_septon_robes/asoiaf_septon_robes_1/asoiaf_septon_robes_1.mesh,0,u1,6651,0DB491A888D0934222461A85B7526EE95D49E0185744DED6E05EC0992B385627,"['u0', 'u2', 'u3']",0.00554656982421875,1.9072265625,1399,319354,372571,False
gfx/models/portraits/m_clothes/asoiaf/asoiaf_religious_clothing/asoiaf_septon_robes/asoiaf_septon_robes_1/asoiaf_septon_robes_1.mesh,0,u2,6651,0DB491A888D0934222461A85B7526EE95D49E0185744DED6E05EC0992B385627,"['u0', 'u1', 'u3']",0.00554656982421875,1.9072265625,1399,372571,425788,False
gfx/models/portraits/m_clothes/asoiaf/asoiaf_religious_clothing/asoiaf_septon_robes/asoiaf_septon_robes_1/asoiaf_septon_robes_1.mesh,0,u3,6651,0DB491A888D0934222461A85B7526EE95D49E0185744DED6E05EC0992B385627,"['u0', 'u1', 'u2']",0.00554656982421875,1.9072265625,1399,425788,479005,True
gfx/models/portraits/m_clothes/asoiaf/asoiaf_religious_clothing/asoiaf_septon_robes/asoiaf_septon_robes_2/asoiaf_septon_robes_2.mesh,0,u0,16446,1DD5D2CA68C46AE0F9A9632093FFB02EC2F6F69C8E23A1A7FD3449D7FBEC52B5,"['u1', 'u2', 'u3']",0.0008807182312011719,1.9072265625,3022,657937,789514,False
gfx/models/portraits/m_clothes/asoiaf/asoiaf_religious_clothing/asoiaf_septon_robes/asoiaf_septon_robes_2/asoiaf_septon_robes_2.mesh,0,u1,16446,1DD5D2CA68C46AE0F9A9632093FFB02EC2F6F69C8E23A1A7FD3449D7FBEC52B5,"['u0', 'u2', 'u3']",0.0008807182312011719,1.9072265625,3022,789514,921091,False
gfx/models/portraits/m_clothes/asoiaf/asoiaf_religious_clothing/asoiaf_septon_robes/asoiaf_septon_robes_2/asoiaf_septon_robes_2.mesh,0,u2,16446,1DD5D2CA68C46AE0F9A9632093FFB02EC2F6F69C8E23A1A7FD3449D7FBEC52B5,"['u0', 'u1', 'u3']",0.0008807182312011719,1.9072265625,3022,921091,1052668,False
gfx/models/portraits/m_clothes/asoiaf/asoiaf_religious_clothing/asoiaf_septon_robes/asoiaf_septon_robes_2/asoiaf_septon_robes_2.mesh,0,u3,16446,1DD5D2CA68C46AE0F9A9632093FFB02EC2F6F69C8E23A1A7FD3449D7FBEC52B5,"['u0', 'u1', 'u2']",0.0008807182312011719,1.9072265625,3022,1052668,1184245,True
gfx/models/portraits/m_clothes/asoiaf/asoiaf_stepstones/asoiaf_pirate_prince_tunic/asoiaf_pirate_prince_tunic.mesh,0,u0,9864,4C0201AE304AC4C7E0FBB2D407D494080860EF936CB936A7D2B91C2B1453BFC2,"['u1', 'u2', 'u3']",0.0015344619750976562,1.998046875,6046,394662,473583,False
gfx/models/portraits/m_clothes/asoiaf/asoiaf_stepstones/asoiaf_pirate_prince_tunic/asoiaf_pirate_prince_tunic.mesh,0,u1,9864,4C0201AE304AC4C7E0FBB2D407D494080860EF936CB936A7D2B91C2B1453BFC2,"['u0', 'u2', 'u3']",0.0015344619750976562,1.998046875,6046,473583,552504,False
gfx/models/portraits/m_clothes/asoiaf/asoiaf_stepstones/asoiaf_pirate_prince_tunic/asoiaf_pirate_prince_tunic.mesh,0,u2,9864,4C0201AE304AC4C7E0FBB2D407D494080860EF936CB936A7D2B91C2B1453BFC2,"['u0', 'u1', 'u3']",0.0015344619750976562,1.998046875,6046,552504,631425,False
gfx/models/portraits/m_clothes/asoiaf/asoiaf_stepstones/asoiaf_pirate_prince_tunic/asoiaf_pirate_prince_tunic.mesh,0,u3,9864,4C0201AE304AC4C7E0FBB2D407D494080860EF936CB936A7D2B91C2B1453BFC2,"['u0', 'u1', 'u2']",0.0015344619750976562,1.998046875,6046,631425,710346,True
gfx/models/portraits/m_headgears/asoiaf/asoiaf_crownlands/asoiaf_gold_cloak_helm/asoiaf_gold_cloak_helm.mesh,0,u0,1398,CD6FD4790360136667CF3F2F81B81701CE124738D9F1427B2859577BC27582D4,[],0.006198883056640625,0.990234375,800,56018,67211,False
gfx/models/portraits/m_headgears/asoiaf/asoiaf_crownlands/asoiaf_gold_cloak_helm/asoiaf_gold_cloak_helm.mesh,0,u1,1398,31E190504018F47D3B929598D2A9ADC6CB3C7ABF739619FAEC5546BC9824F731,[],136.78086853027344,193.40072631835938,1073,67211,78404,False
gfx/models/portraits/m_headgears/asoiaf/asoiaf_crownlands/asoiaf_gold_cloak_helm/asoiaf_gold_cloak_helm.mesh,0,u2,1398,3C4315D29DE3A2CCBA04CD41CE893359FB766DE46933403EE5A170ED9F203203,[],-1.0,1.0,253,78404,89597,False
gfx/models/portraits/m_headgears/asoiaf/asoiaf_crownlands/asoiaf_gold_cloak_helm/asoiaf_gold_cloak_helm.mesh,0,u3,1398,295E8D1D7D047E7EF8E40C01696B9E6C672A7AC2EDC5756342024DFD5AF38BC2,[],-435.5161437988281,-176.29640197753906,1174,89597,100790,True
gfx/models/portraits/m_headgears/asoiaf/asoiaf_nights_watch/asoiaf_nights_watch_hood/asoiaf_nights_watch_hood.mesh,0,u0,650,C85D309F9056FBEB8762EC69C93FCB8E0AFD00CB8C6AB849AA0EDAD6C7454A37,"['u1', 'u2', 'u3']",0.0064849853515625,0.9951171875,614,26100,31309,False
gfx/models/portraits/m_headgears/asoiaf/asoiaf_nights_watch/asoiaf_nights_watch_hood/asoiaf_nights_watch_hood.mesh,0,u1,650,C85D309F9056FBEB8762EC69C93FCB8E0AFD00CB8C6AB849AA0EDAD6C7454A37,"['u0', 'u2', 'u3']",0.0064849853515625,0.9951171875,614,31309,36518,False
gfx/models/portraits/m_headgears/asoiaf/asoiaf_nights_watch/asoiaf_nights_watch_hood/asoiaf_nights_watch_hood.mesh,0,u2,650,C85D309F9056FBEB8762EC69C93FCB8E0AFD00CB8C6AB849AA0EDAD6C7454A37,"['u0', 'u1', 'u3']",0.0064849853515625,0.9951171875,614,36518,41727,False
gfx/models/portraits/m_headgears/asoiaf/asoiaf_nights_watch/asoiaf_nights_watch_hood/asoiaf_nights_watch_hood.mesh,0,u3,650,C85D309F9056FBEB8762EC69C93FCB8E0AFD00CB8C6AB849AA0EDAD6C7454A37,"['u0', 'u1', 'u2']",0.0064849853515625,0.9951171875,614,41727,46936,True
gfx/models/portraits/m_headgears/asoiaf/asoiaf_reach/asoiaf_tyrell_helm_high/asoiaf_tyrell_helm_high.mesh,0,u0,5178,33C10FD0CCCA463A4ACA82DDC6E889657FEE3E47CC3A15557BBEA522865EA3F2,"['u1', 'u2', 'u3']",0.003124237060546875,0.99853515625,587,207219,248652,False
gfx/models/portraits/m_headgears/asoiaf/asoiaf_reach/asoiaf_tyrell_helm_high/asoiaf_tyrell_helm_high.mesh,0,u1,5178,33C10FD0CCCA463A4ACA82DDC6E889657FEE3E47CC3A15557BBEA522865EA3F2,"['u0', 'u2', 'u3']",0.003124237060546875,0.99853515625,587,248652,290085,False
gfx/models/portraits/m_headgears/asoiaf/asoiaf_reach/asoiaf_tyrell_helm_high/asoiaf_tyrell_helm_high.mesh,0,u2,5178,33C10FD0CCCA463A4ACA82DDC6E889657FEE3E47CC3A15557BBEA522865EA3F2,"['u0', 'u1', 'u3']",0.003124237060546875,0.99853515625,587,290085,331518,False
gfx/models/portraits/m_headgears/asoiaf/asoiaf_reach/asoiaf_tyrell_helm_high/asoiaf_tyrell_helm_high.mesh,0,u3,5178,33C10FD0CCCA463A4ACA82DDC6E889657FEE3E47CC3A15557BBEA522865EA3F2,"['u0', 'u1', 'u2']",0.003124237060546875,0.99853515625,587,331518,372951,True
gfx/models/portraits/m_headgears/asoiaf/asoiaf_reach/asoiaf_tyrell_helm_low/asoiaf_tyrell_helm_low.mesh,0,u0,2538,E63D7035E68E238562EEF5873A6A8E1D0A87F05C6F189D4065A7CEBB58DFD860,"['u1', 'u2', 'u3']",0.0208282470703125,0.99853515625,457,101618,121931,False
gfx/models/portraits/m_headgears/asoiaf/asoiaf_reach/asoiaf_tyrell_helm_low/asoiaf_tyrell_helm_low.mesh,0,u1,2538,E63D7035E68E238562EEF5873A6A8E1D0A87F05C6F189D4065A7CEBB58DFD860,"['u0', 'u2', 'u3']",0.0208282470703125,0.99853515625,457,121931,142244,False
gfx/models/portraits/m_headgears/asoiaf/asoiaf_reach/asoiaf_tyrell_helm_low/asoiaf_tyrell_helm_low.mesh,0,u2,2538,E63D7035E68E238562EEF5873A6A8E1D0A87F05C6F189D4065A7CEBB58DFD860,"['u0', 'u1', 'u3']",0.0208282470703125,0.99853515625,457,142244,162557,False
gfx/models/portraits/m_headgears/asoiaf/asoiaf_reach/asoiaf_tyrell_helm_low/asoiaf_tyrell_helm_low.mesh,0,u3,2538,E63D7035E68E238562EEF5873A6A8E1D0A87F05C6F189D4065A7CEBB58DFD860,"['u0', 'u1', 'u2']",0.0208282470703125,0.99853515625,457,162557,182870,True
gfx/models/portraits/m_jewellery/asoiaf/asoiaf_generic/asoiaf_shark_tooth_necklace/asoiaf_shark_tooth_necklace.mesh,0,u0,327,9AC00EB5089D2D562E6A296DE1AB1A953379F8614EA1F11BF14A55E77ED325A0,"['u1', 'u2', 'u3']",0.304443359375,0.849609375,327,13183,15808,False
gfx/models/portraits/m_jewellery/asoiaf/asoiaf_generic/asoiaf_shark_tooth_necklace/asoiaf_shark_tooth_necklace.mesh,0,u1,327,9AC00EB5089D2D562E6A296DE1AB1A953379F8614EA1F11BF14A55E77ED325A0,"['u0', 'u2', 'u3']",0.304443359375,0.849609375,327,15808,18433,False
gfx/models/portraits/m_jewellery/asoiaf/asoiaf_generic/asoiaf_shark_tooth_necklace/asoiaf_shark_tooth_necklace.mesh,0,u2,327,9AC00EB5089D2D562E6A296DE1AB1A953379F8614EA1F11BF14A55E77ED325A0,"['u0', 'u1', 'u3']",0.304443359375,0.849609375,327,18433,21058,False
gfx/models/portraits/m_jewellery/asoiaf/asoiaf_generic/asoiaf_shark_tooth_necklace/asoiaf_shark_tooth_necklace.mesh,0,u3,327,9AC00EB5089D2D562E6A296DE1AB1A953379F8614EA1F11BF14A55E77ED325A0,"['u0', 'u1', 'u2']",0.304443359375,0.849609375,327,21058,23683,True
gfx/models/portraits/m_jewellery/asoiaf/asoiaf_religious_jewellery/asoiaf_septon_jewellery/asoiaf_septon_necklace_1/asoiaf_septon_necklace_1.mesh,0,u0,1452,960140FD009242944E660E54CA39BB12B200CF82EE94F502308B60C185F41456,"['u1', 'u2', 'u3']",0.00957489013671875,0.98974609375,433,58180,69805,False
gfx/models/portraits/m_jewellery/asoiaf/asoiaf_religious_jewellery/asoiaf_septon_jewellery/asoiaf_septon_necklace_1/asoiaf_septon_necklace_1.mesh,0,u1,1452,960140FD009242944E660E54CA39BB12B200CF82EE94F502308B60C185F41456,"['u0', 'u2', 'u3']",0.00957489013671875,0.98974609375,433,69805,81430,False
gfx/models/portraits/m_jewellery/asoiaf/asoiaf_religious_jewellery/asoiaf_septon_jewellery/asoiaf_septon_necklace_1/asoiaf_septon_necklace_1.mesh,0,u2,1452,960140FD009242944E660E54CA39BB12B200CF82EE94F502308B60C185F41456,"['u0', 'u1', 'u3']",0.00957489013671875,0.98974609375,433,81430,93055,False
gfx/models/portraits/m_jewellery/asoiaf/asoiaf_religious_jewellery/asoiaf_septon_jewellery/asoiaf_septon_necklace_1/asoiaf_septon_necklace_1.mesh,0,u3,1452,960140FD009242944E660E54CA39BB12B200CF82EE94F502308B60C185F41456,"['u0', 'u1', 'u2']",0.00957489013671875,0.98974609375,433,93055,104680,True
gfx/models/portraits/m_legwear/asoiaf/asoiaf_crownlands/asoiaf_dragonstone_legs/asoiaf_dragonstone_legs.mesh,0,u0,1137,AD95A7EF53DD913509AB36831A9B44998F0574CD81289FB890A569FA4A4ACC6F,"['u1', 'u2', 'u3']",0.1201171875,0.9990234375,573,45579,54684,False
gfx/models/portraits/m_legwear/asoiaf/asoiaf_crownlands/asoiaf_dragonstone_legs/asoiaf_dragonstone_legs.mesh,0,u1,1137,AD95A7EF53DD913509AB36831A9B44998F0574CD81289FB890A569FA4A4ACC6F,"['u0', 'u2', 'u3']",0.1201171875,0.9990234375,573,54684,63789,False
gfx/models/portraits/m_legwear/asoiaf/asoiaf_crownlands/asoiaf_dragonstone_legs/asoiaf_dragonstone_legs.mesh,0,u2,1137,AD95A7EF53DD913509AB36831A9B44998F0574CD81289FB890A569FA4A4ACC6F,"['u0', 'u1', 'u3']",0.1201171875,0.9990234375,573,63789,72894,False
gfx/models/portraits/m_legwear/asoiaf/asoiaf_crownlands/asoiaf_dragonstone_legs/asoiaf_dragonstone_legs.mesh,0,u3,1137,AD95A7EF53DD913509AB36831A9B44998F0574CD81289FB890A569FA4A4ACC6F,"['u0', 'u1', 'u2']",0.1201171875,0.9990234375,573,72894,81999,True
gfx/models/portraits/m_legwear/asoiaf/asoiaf_crownlands/asoiaf_gold_cloak_legs/asoiaf_gold_cloak_legs.mesh,0,u0,1970,6E8901C180BD7C853FE615DC55663F9D907BEE7A81D554B70AABAB79E44EDC67,[],0.00914764404296875,0.9912109375,1219,78898,94667,False
gfx/models/portraits/m_legwear/asoiaf/asoiaf_crownlands/asoiaf_gold_cloak_legs/asoiaf_gold_cloak_legs.mesh,0,u1,1970,DB2C68B1D3AEDB3A281F1F667B24BD2090951B5056F732287B7EE03F23DA6C45,[],-0.13421130180358887,115.80490112304688,897,94667,110436,False
gfx/models/portraits/m_legwear/asoiaf/asoiaf_crownlands/asoiaf_gold_cloak_legs/asoiaf_gold_cloak_legs.mesh,0,u2,1970,D77FD2C60C3F59E8A709D975E21D75983E19F01E985D517CD24DB4806F482ED7,[],-1.0,1.0,234,110436,126205,False
gfx/models/portraits/m_legwear/asoiaf/asoiaf_crownlands/asoiaf_gold_cloak_legs/asoiaf_gold_cloak_legs.mesh,0,u3,1970,9398134FD4FE5CC5E7EC5264ABBED57D83C3BCBCE7A9A2E7EFA3E73B55897FB1,[],-434.30303955078125,-175.28781127929688,1049,126205,141974,True
gfx/models/portraits/m_legwear/asoiaf/asoiaf_generic/asoiaf_leather_boots_1/asoiaf_leather_boots_1.mesh,0,u0,1749,A71B59D94B83714DFECF59413CE48272517231FD48AF6D972ABA63C8F9B9007F,"['u1', 'u2', 'u3']",0.353271484375,0.99560546875,855,70058,84059,False
gfx/models/portraits/m_legwear/asoiaf/asoiaf_generic/asoiaf_leather_boots_1/asoiaf_leather_boots_1.mesh,0,u1,1749,A71B59D94B83714DFECF59413CE48272517231FD48AF6D972ABA63C8F9B9007F,"['u0', 'u2', 'u3']",0.353271484375,0.99560546875,855,84059,98060,False
gfx/models/portraits/m_legwear/asoiaf/asoiaf_generic/asoiaf_leather_boots_1/asoiaf_leather_boots_1.mesh,0,u2,1749,A71B59D94B83714DFECF59413CE48272517231FD48AF6D972ABA63C8F9B9007F,"['u0', 'u1', 'u3']",0.353271484375,0.99560546875,855,98060,112061,False
gfx/models/portraits/m_legwear/asoiaf/asoiaf_generic/asoiaf_leather_boots_1/asoiaf_leather_boots_1.mesh,0,u3,1749,A71B59D94B83714DFECF59413CE48272517231FD48AF6D972ABA63C8F9B9007F,"['u0', 'u1', 'u2']",0.353271484375,0.99560546875,855,112061,126062,True
gfx/models/portraits/m_legwear/asoiaf/asoiaf_generic/asoiaf_leather_boots_4/asoiaf_leather_boots_4.mesh,0,u0,1559,FB6219FB9F99078E973B6D5D863D9FF629F870F0F4DBE1D6E5F2425320EB7392,"['u1', 'u2', 'u3']",0.01335906982421875,0.99462890625,789,62458,74939,False
gfx/models/portraits/m_legwear/asoiaf/asoiaf_generic/asoiaf_leather_boots_4/asoiaf_leather_boots_4.mesh,0,u1,1559,FB6219FB9F99078E973B6D5D863D9FF629F870F0F4DBE1D6E5F2425320EB7392,"['u0', 'u2', 'u3']",0.01335906982421875,0.99462890625,789,74939,87420,False
gfx/models/portraits/m_legwear/asoiaf/asoiaf_generic/asoiaf_leather_boots_4/asoiaf_leather_boots_4.mesh,0,u2,1559,FB6219FB9F99078E973B6D5D863D9FF629F870F0F4DBE1D6E5F2425320EB7392,"['u0', 'u1', 'u3']",0.01335906982421875,0.99462890625,789,87420,99901,False
gfx/models/portraits/m_legwear/asoiaf/asoiaf_generic/asoiaf_leather_boots_4/asoiaf_leather_boots_4.mesh,0,u3,1559,FB6219FB9F99078E973B6D5D863D9FF629F870F0F4DBE1D6E5F2425320EB7392,"['u0', 'u1', 'u2']",0.01335906982421875,0.99462890625,789,99901,112382,True
gfx/models/portraits/m_legwear/asoiaf/asoiaf_generic/asoiaf_leather_boots_6/asoiaf_leather_boots_6.mesh,0,u0,1576,CC452B6EF99C9E4DA7618A2026258C27B87492A30CBA16C11C33B10612A45327,"['u1', 'u2', 'u3']",0.0040740966796875,1.99609375,764,63138,75755,False
gfx/models/portraits/m_legwear/asoiaf/asoiaf_generic/asoiaf_leather_boots_6/asoiaf_leather_boots_6.mesh,0,u1,1576,CC452B6EF99C9E4DA7618A2026258C27B87492A30CBA16C11C33B10612A45327,"['u0', 'u2', 'u3']",0.0040740966796875,1.99609375,764,75755,88372,False
gfx/models/portraits/m_legwear/asoiaf/asoiaf_generic/asoiaf_leather_boots_6/asoiaf_leather_boots_6.mesh,0,u2,1576,CC452B6EF99C9E4DA7618A2026258C27B87492A30CBA16C11C33B10612A45327,"['u0', 'u1', 'u3']",0.0040740966796875,1.99609375,764,88372,100989,False
gfx/models/portraits/m_legwear/asoiaf/asoiaf_generic/asoiaf_leather_boots_6/asoiaf_leather_boots_6.mesh,0,u3,1576,CC452B6EF99C9E4DA7618A2026258C27B87492A30CBA16C11C33B10612A45327,"['u0', 'u1', 'u2']",0.0040740966796875,1.99609375,764,100989,113606,True
gfx/models/portraits/m_legwear/asoiaf/asoiaf_generic/asoiaf_slippers_1/asoiaf_slippers_1.mesh,0,u0,592,327D7EA59754B73F80A062D850D08466F4D9350C4A0139F69420EF76ACC84C2B,"['u1', 'u2', 'u3']",0.04351806640625,0.87060546875,296,23773,28518,False
gfx/models/portraits/m_legwear/asoiaf/asoiaf_generic/asoiaf_slippers_1/asoiaf_slippers_1.mesh,0,u1,592,327D7EA59754B73F80A062D850D08466F4D9350C4A0139F69420EF76ACC84C2B,"['u0', 'u2', 'u3']",0.04351806640625,0.87060546875,296,28518,33263,False
gfx/models/portraits/m_legwear/asoiaf/asoiaf_generic/asoiaf_slippers_1/asoiaf_slippers_1.mesh,0,u2,592,327D7EA59754B73F80A062D850D08466F4D9350C4A0139F69420EF76ACC84C2B,"['u0', 'u1', 'u3']",0.04351806640625,0.87060546875,296,33263,38008,False
gfx/models/portraits/m_legwear/asoiaf/asoiaf_generic/asoiaf_slippers_1/asoiaf_slippers_1.mesh,0,u3,592,327D7EA59754B73F80A062D850D08466F4D9350C4A0139F69420EF76ACC84C2B,"['u0', 'u1', 'u2']",0.04351806640625,0.87060546875,296,38008,42753,True
gfx/models/portraits/m_legwear/asoiaf/asoiaf_iron_isles/asoiaf_greyjoy_legs/asoiaf_greyjoy_legs.mesh,0,u0,1209,306D820AE5CA390921C717E640885E03A492A5537E20ABC9897658A5040BE8DD,"['u1', 'u2', 'u3']",0.00684356689453125,0.96875,614,48455,58136,False
gfx/models/portraits/m_legwear/asoiaf/asoiaf_iron_isles/asoiaf_greyjoy_legs/asoiaf_greyjoy_legs.mesh,0,u1,1209,306D820AE5CA390921C717E640885E03A492A5537E20ABC9897658A5040BE8DD,"['u0', 'u2', 'u3']",0.00684356689453125,0.96875,614,58136,67817,False
gfx/models/portraits/m_legwear/asoiaf/asoiaf_iron_isles/asoiaf_greyjoy_legs/asoiaf_greyjoy_legs.mesh,0,u2,1209,306D820AE5CA390921C717E640885E03A492A5537E20ABC9897658A5040BE8DD,"['u0', 'u1', 'u3']",0.00684356689453125,0.96875,614,67817,77498,False
gfx/models/portraits/m_legwear/asoiaf/asoiaf_iron_isles/asoiaf_greyjoy_legs/asoiaf_greyjoy_legs.mesh,0,u3,1209,306D820AE5CA390921C717E640885E03A492A5537E20ABC9897658A5040BE8DD,"['u0', 'u1', 'u2']",0.00684356689453125,0.96875,614,77498,87179,True
gfx/models/portraits/m_legwear/asoiaf/asoiaf_iron_isles/asoiaf_ironborn_legs_coa/asoiaf_ironborn_legs_coa.mesh,0,u0,1209,306D820AE5CA390921C717E640885E03A492A5537E20ABC9897658A5040BE8DD,"['u1', 'u2', 'u3']",0.00684356689453125,0.96875,614,48460,58141,False
gfx/models/portraits/m_legwear/asoiaf/asoiaf_iron_isles/asoiaf_ironborn_legs_coa/asoiaf_ironborn_legs_coa.mesh,0,u1,1209,306D820AE5CA390921C717E640885E03A492A5537E20ABC9897658A5040BE8DD,"['u0', 'u2', 'u3']",0.00684356689453125,0.96875,614,58141,67822,False
gfx/models/portraits/m_legwear/asoiaf/asoiaf_iron_isles/asoiaf_ironborn_legs_coa/asoiaf_ironborn_legs_coa.mesh,0,u2,1209,306D820AE5CA390921C717E640885E03A492A5537E20ABC9897658A5040BE8DD,"['u0', 'u1', 'u3']",0.00684356689453125,0.96875,614,67822,77503,False
gfx/models/portraits/m_legwear/asoiaf/asoiaf_iron_isles/asoiaf_ironborn_legs_coa/asoiaf_ironborn_legs_coa.mesh,0,u3,1209,306D820AE5CA390921C717E640885E03A492A5537E20ABC9897658A5040BE8DD,"['u0', 'u1', 'u2']",0.00684356689453125,0.96875,614,77503,87184,True
