FineCategory,Line,Time,Component,Message,Category,Owner,Files,Key,FirstFile,SecondFile
mesh_uv,1202,17:49:54,pdxassetutil.cpp:556,UV-Set: 1 in mesh 'crag_crenelation' in file 'gfx/models/buildings/special/crag/crag.mesh' has no valid triangle to use when calculating texture streaming factor. Texture streaming needs a triangle with an area.,Graphics / portrait source error,COW-AGOT: 3D Models & Bigger Castles,gfx/models/buildings/special/crag/crag.mesh,,,
mesh_uv,1203,17:49:54,pdxassetutil.cpp:556,UV-Set: 1 in mesh 'gold_ball' in file 'gfx/models/buildings/special/cow_blackhaven/cow_blackhaven.mesh' has no valid triangle to use when calculating texture streaming factor. Texture streaming needs a triangle with an area.,Graphics / portrait source error,COW-AGOT: 3D Models & Bigger Castles,gfx/models/buildings/special/cow_blackhaven/cow_blackhaven.mesh,,,
mesh_uv,1204,17:49:54,pdxassetutil.cpp:556,UV-Set: 1 in mesh 'crag_stone_ground' in file 'gfx/models/buildings/special/cow_blackhaven/cow_blackhaven.mesh' has no valid triangle to use when calculating texture streaming factor. Texture streaming needs a triangle with an area.,Graphics / portrait source error,COW-AGOT: 3D Models & Bigger Castles,gfx/models/buildings/special/cow_blackhaven/cow_blackhaven.mesh,,,
mesh_uv,1213,17:49:56,pdxassetutil.cpp:556,UV-Set: 1 in mesh 'pole_town' in file 'gfx/models/buildings/special/planky town/planky_town.mesh' has no valid triangle to use when calculating texture streaming factor. Texture streaming needs a triangle with an area.,Graphics / portrait source error,COW-AGOT: 3D Models & Bigger Castles,gfx/models/buildings/special/planky town/planky_town.mesh,,,
mesh_uv,1214,17:49:57,pdxassetutil.cpp:556,UV-Set: 1 in mesh 'rooksrest_stone_ground' in file 'gfx/models/buildings/special/rooksrest/rooksrest.mesh' has no valid triangle to use when calculating texture streaming factor. Texture streaming needs a triangle with an area.,Graphics / portrait source error,COW-AGOT: 3D Models & Bigger Castles,gfx/models/buildings/special/rooksrest/rooksrest.mesh,,,
mesh_uv,1215,17:49:57,pdxassetutil.cpp:556,UV-Set: 0 in mesh 'lift' in file 'gfx/models/buildings/special/castamere/24castamere_3.mesh' has no valid triangle to use when calculating texture streaming factor. Texture streaming needs a triangle with an area.,Graphics / portrait source error,COW-AGOT: 3D Models & Bigger Castles,gfx/models/buildings/special/castamere/24castamere_3.mesh,,,
mesh_uv,1220,17:49:57,pdxassetutil.cpp:556,UV-Set: 0 in mesh 'pallet' in file 'gfx/models/buildings/special/castamere/24castamere_3.mesh' has no valid triangle to use when calculating texture streaming factor. Texture streaming needs a triangle with an area.,Graphics / portrait source error,COW-AGOT: 3D Models & Bigger Castles,gfx/models/buildings/special/castamere/24castamere_3.mesh,,,
mesh_uv,1225,17:49:58,pdxassetutil.cpp:556,UV-Set: 1 in mesh 'ashemark_stone_ground' in file 'gfx/models/buildings/special/ashemark/ashemark.mesh' has no valid triangle to use when calculating texture streaming factor. Texture streaming needs a triangle with an area.,Graphics / portrait source error,COW-AGOT: 3D Models & Bigger Castles,gfx/models/buildings/special/ashemark/ashemark.mesh,,,
mesh_uv,1227,17:49:58,pdxassetutil.cpp:556,UV-Set: 1 in mesh 'lannisport_dgShape' in file 'gfx/models/buildings/special/fanghill/fanghill.mesh' has no valid triangle to use when calculating texture streaming factor. Texture streaming needs a triangle with an area.,Graphics / portrait source error,COW-AGOT: 3D Models & Bigger Castles,gfx/models/buildings/special/fanghill/fanghill.mesh,,,
mesh_uv,1228,17:49:59,pdxassetutil.cpp:556,UV-Set: 0 in mesh 'lift' in file 'gfx/models/buildings/special/castamere/24castamere_2.mesh' has no valid triangle to use when calculating texture streaming factor. Texture streaming needs a triangle with an area.,Graphics / portrait source error,COW-AGOT: 3D Models & Bigger Castles,gfx/models/buildings/special/castamere/24castamere_2.mesh,,,
mesh_uv,1233,17:49:59,pdxassetutil.cpp:556,UV-Set: 0 in mesh 'pallet' in file 'gfx/models/buildings/special/castamere/24castamere_2.mesh' has no valid triangle to use when calculating texture streaming factor. Texture streaming needs a triangle with an area.,Graphics / portrait source error,COW-AGOT: 3D Models & Bigger Castles,gfx/models/buildings/special/castamere/24castamere_2.mesh,,,
mesh_uv,1238,17:49:59,pdxassetutil.cpp:556,UV-Set: 1 in mesh 'crag_upper' in file 'gfx/models/buildings/special/crag/crag_level_2.mesh' has no valid triangle to use when calculating texture streaming factor. Texture streaming needs a triangle with an area.,Graphics / portrait source error,COW-AGOT: 3D Models & Bigger Castles,gfx/models/buildings/special/crag/crag_level_2.mesh,,,
mesh_uv,1239,17:49:59,pdxassetutil.cpp:556,UV-Set: 1 in mesh 'crag_upper' in file 'gfx/models/buildings/special/crag/crag_level_2.mesh' has no valid triangle to use when calculating texture streaming factor. Texture streaming needs a triangle with an area.,Graphics / portrait source error,COW-AGOT: 3D Models & Bigger Castles,gfx/models/buildings/special/crag/crag_level_2.mesh,,,
mesh_uv,1240,17:49:59,pdxassetutil.cpp:556,UV-Set: 1 in mesh 'crag_stone_ground' in file 'gfx/models/buildings/special/crag/crag_level_2.mesh' has no valid triangle to use when calculating texture streaming factor. Texture streaming needs a triangle with an area.,Graphics / portrait source error,COW-AGOT: 3D Models & Bigger Castles,gfx/models/buildings/special/crag/crag_level_2.mesh,,,
mesh_uv,1245,17:50:00,pdxassetutil.cpp:556,UV-Set: 0 in mesh 'building_griffin_roost_castle' in file 'gfx/models/buildings/special/griffins roost/building_special_griffins_roost.mesh' has no valid triangle to use when calculating texture streaming factor. Texture streaming needs a triangle with an area.,Graphics / portrait source error,COW-AGOT: 3D Models & Bigger Castles,gfx/models/buildings/special/griffins roost/building_special_griffins_roost.mesh,,,
mesh_uv,1246,17:50:00,pdxassetutil.cpp:556,UV-Set: 0 in mesh 'griffin_roost_roof' in file 'gfx/models/buildings/special/griffins roost/building_special_griffins_roost.mesh' has no valid triangle to use when calculating texture streaming factor. Texture streaming needs a triangle with an area.,Graphics / portrait source error,COW-AGOT: 3D Models & Bigger Castles,gfx/models/buildings/special/griffins roost/building_special_griffins_roost.mesh,,,
mesh_uv,1247,17:50:00,pdxassetutil.cpp:556,UV-Set: 1 in mesh 'rooksrest_stone_ground' in file 'gfx/models/buildings/special/rooksrest/rooksrest2.mesh' has no valid triangle to use when calculating texture streaming factor. Texture streaming needs a triangle with an area.,Graphics / portrait source error,COW-AGOT: 3D Models & Bigger Castles,gfx/models/buildings/special/rooksrest/rooksrest2.mesh,,,
mesh_uv,1248,17:50:00,pdxassetutil.cpp:556,UV-Set: 1 in mesh 'rooksrest_stone' in file 'gfx/models/buildings/special/rooksrest/rooksrest2.mesh' has no valid triangle to use when calculating texture streaming factor. Texture streaming needs a triangle with an area.,Graphics / portrait source error,COW-AGOT: 3D Models & Bigger Castles,gfx/models/buildings/special/rooksrest/rooksrest2.mesh,,,
mesh_uv,1252,17:50:01,pdxassetutil.cpp:556,UV-Set: 0 in mesh 'the_ground' in file 'gfx/models/buildings/special/deepwood_motte/deepwood_motte.mesh' has no valid triangle to use when calculating texture streaming factor. Texture streaming needs a triangle with an area.,Graphics / portrait source error,COW-AGOT: 3D Models & Bigger Castles,gfx/models/buildings/special/deepwood_motte/deepwood_motte.mesh,,,
mesh_uv,1253,17:50:01,pdxassetutil.cpp:556,UV-Set: 1 in mesh 'building_special_evenfall_1Shape' in file 'gfx/models/buildings/special/Evenfall/building_special_evenfall.mesh' has no valid triangle to use when calculating texture streaming factor. Texture streaming needs a triangle with an area.,Graphics / portrait source error,COW-AGOT: 3D Models & Bigger Castles,gfx/models/buildings/special/Evenfall/building_special_evenfall.mesh,,,
mesh_uv,1254,17:50:01,pdxassetutil.cpp:556,UV-Set: 1 in mesh 'building_special_evenfall_2Shape' in file 'gfx/models/buildings/special/Evenfall/building_special_evenfall.mesh' has no valid triangle to use when calculating texture streaming factor. Texture streaming needs a triangle with an area.,Graphics / portrait source error,COW-AGOT: 3D Models & Bigger Castles,gfx/models/buildings/special/Evenfall/building_special_evenfall.mesh,,,
mesh_uv,1258,17:50:01,pdxassetutil.cpp:556,UV-Set: 0 in mesh 'bronze_bell' in file 'gfx/models/buildings/special/seagaurd/building_seagard_01.mesh' has no valid triangle to use when calculating texture streaming factor. Texture streaming needs a triangle with an area.,Graphics / portrait source error,COW-AGOT: 3D Models & Bigger Castles,gfx/models/buildings/special/seagaurd/building_seagard_01.mesh,,,
mesh_uv,1259,17:50:01,pdxassetutil.cpp:556,UV-Set: 0 in mesh 'bellchain' in file 'gfx/models/buildings/special/seagaurd/building_seagard_01.mesh' has no valid triangle to use when calculating texture streaming factor. Texture streaming needs a triangle with an area.,Graphics / portrait source error,COW-AGOT: 3D Models & Bigger Castles,gfx/models/buildings/special/seagaurd/building_seagard_01.mesh,,,
mesh_uv,1270,17:50:02,pdxassetutil.cpp:556,UV-Set: 0 in mesh 'lift' in file 'gfx/models/buildings/special/castamere/castamere_restored.mesh' has no valid triangle to use when calculating texture streaming factor. Texture streaming needs a triangle with an area.,Graphics / portrait source error,COW-AGOT: 3D Models & Bigger Castles,gfx/models/buildings/special/castamere/castamere_restored.mesh,,,
mesh_uv,1275,17:50:02,pdxassetutil.cpp:556,UV-Set: 0 in mesh 'windmill' in file 'gfx/models/buildings/special/castamere/castamere_restored.mesh' has no valid triangle to use when calculating texture streaming factor. Texture streaming needs a triangle with an area.,Graphics / portrait source error,COW-AGOT: 3D Models & Bigger Castles,gfx/models/buildings/special/castamere/castamere_restored.mesh,,,
mesh_uv,1280,17:50:02,pdxassetutil.cpp:556,UV-Set: 0 in mesh 'pallet' in file 'gfx/models/buildings/special/castamere/castamere_restored.mesh' has no valid triangle to use when calculating texture streaming factor. Texture streaming needs a triangle with an area.,Graphics / portrait source error,COW-AGOT: 3D Models & Bigger Castles,gfx/models/buildings/special/castamere/castamere_restored.mesh,,,
mesh_uv,1285,17:50:02,pdxassetutil.cpp:556,UV-Set: 0 in mesh 'building_mediterranean_city_02' in file 'gfx/models/buildings/special/the_arbor/the_arbor.mesh' has no valid triangle to use when calculating texture streaming factor. Texture streaming needs a triangle with an area.,Graphics / portrait source error,COW-AGOT: 3D Models & Bigger Castles,gfx/models/buildings/special/the_arbor/the_arbor.mesh,,,
mesh_uv,1286,17:50:02,pdxassetutil.cpp:556,UV-Set: 1 in mesh 'crag_upper' in file 'gfx/models/buildings/special/crag/crag_level_1.mesh' has no valid triangle to use when calculating texture streaming factor. Texture streaming needs a triangle with an area.,Graphics / portrait source error,COW-AGOT: 3D Models & Bigger Castles,gfx/models/buildings/special/crag/crag_level_1.mesh,,,
mesh_uv,1287,17:50:02,pdxassetutil.cpp:556,UV-Set: 1 in mesh 'crag_upper' in file 'gfx/models/buildings/special/crag/crag_level_1.mesh' has no valid triangle to use when calculating texture streaming factor. Texture streaming needs a triangle with an area.,Graphics / portrait source error,COW-AGOT: 3D Models & Bigger Castles,gfx/models/buildings/special/crag/crag_level_1.mesh,,,
mesh_uv,1288,17:50:02,pdxassetutil.cpp:556,UV-Set: 1 in mesh 'crag_stone_ground' in file 'gfx/models/buildings/special/crag/crag_level_1.mesh' has no valid triangle to use when calculating texture streaming factor. Texture streaming needs a triangle with an area.,Graphics / portrait source error,COW-AGOT: 3D Models & Bigger Castles,gfx/models/buildings/special/crag/crag_level_1.mesh,,,
mesh_uv,1289,17:50:02,pdxassetutil.cpp:556,UV-Set: 1 in mesh 'crag_windows' in file 'gfx/models/buildings/special/crag/crag_level_1.mesh' has no valid triangle to use when calculating texture streaming factor. Texture streaming needs a triangle with an area.,Graphics / portrait source error,COW-AGOT: 3D Models & Bigger Castles,gfx/models/buildings/special/crag/crag_level_1.mesh,,,
mesh_uv,1297,17:50:04,pdxassetutil.cpp:556,UV-Set: 1 in mesh 'dunstonbury_stone_ground' in file 'gfx/models/buildings/special/whitegrove/whitegrove.mesh' has no valid triangle to use when calculating texture streaming factor. Texture streaming needs a triangle with an area.,Graphics / portrait source error,COW-AGOT: 3D Models & Bigger Castles,gfx/models/buildings/special/whitegrove/whitegrove.mesh,,,
mesh_uv,1302,17:50:04,pdxassetutil.cpp:556,UV-Set: 2 in mesh 'building_western' in file 'gfx/models/buildings/special/Ten Towers/cow_building_special_ten_towers.mesh' has no valid triangle to use when calculating texture streaming factor. Texture streaming needs a triangle with an area.,Graphics / portrait source error,COW-AGOT: 3D Models & Bigger Castles,gfx/models/buildings/special/Ten Towers/cow_building_special_ten_towers.mesh,,,
mesh_uv,1303,17:50:04,pdxassetutil.cpp:556,UV-Set: 2 in mesh 'celtic_01' in file 'gfx/models/buildings/special/Ten Towers/cow_building_special_ten_towers.mesh' has no valid triangle to use when calculating texture streaming factor. Texture streaming needs a triangle with an area.,Graphics / portrait source error,COW-AGOT: 3D Models & Bigger Castles,gfx/models/buildings/special/Ten Towers/cow_building_special_ten_towers.mesh,,,
mesh_uv,1304,17:50:04,pdxassetutil.cpp:556,UV-Set: 1 in mesh 'dunstonbury_upper' in file 'gfx/models/buildings/special/dunstonbury/dunstonbury.mesh' has no valid triangle to use when calculating texture streaming factor. Texture streaming needs a triangle with an area.,Graphics / portrait source error,COW-AGOT: 3D Models & Bigger Castles,gfx/models/buildings/special/dunstonbury/dunstonbury.mesh,,,
mesh_uv,1305,17:50:04,pdxassetutil.cpp:556,UV-Set: 3 in mesh 'dunstonbury_upper' in file 'gfx/models/buildings/special/dunstonbury/dunstonbury.mesh' has no valid triangle to use when calculating texture streaming factor. Texture streaming needs a triangle with an area.,Graphics / portrait source error,COW-AGOT: 3D Models & Bigger Castles,gfx/models/buildings/special/dunstonbury/dunstonbury.mesh,,,
mesh_uv,1306,17:50:04,pdxassetutil.cpp:2002,"Asset ""gfx/models/buildings/special/dunstonbury/dunstonbury.mesh"" has more than 3 UV channels. This is not supported and will be ignored.",Graphics / portrait source error,COW-AGOT: 3D Models & Bigger Castles,gfx/models/buildings/special/dunstonbury/dunstonbury.mesh,,,
mesh_uv,1307,17:50:04,pdxassetutil.cpp:556,UV-Set: 1 in mesh 'dunstonbury_stone_ground' in file 'gfx/models/buildings/special/dunstonbury/dunstonbury.mesh' has no valid triangle to use when calculating texture streaming factor. Texture streaming needs a triangle with an area.,Graphics / portrait source error,COW-AGOT: 3D Models & Bigger Castles,gfx/models/buildings/special/dunstonbury/dunstonbury.mesh,,,
mesh_uv,1308,17:50:04,pdxassetutil.cpp:556,UV-Set: 1 in mesh 'dunstonbury_windows' in file 'gfx/models/buildings/special/dunstonbury/dunstonbury.mesh' has no valid triangle to use when calculating texture streaming factor. Texture streaming needs a triangle with an area.,Graphics / portrait source error,COW-AGOT: 3D Models & Bigger Castles,gfx/models/buildings/special/dunstonbury/dunstonbury.mesh,,,
