catalog,key,count,distinct_values,definitions
RU,agot_bm_ac,2,2,"[{""catalog"": ""RU"", ""file"": ""localization/replace/russian/ac/bookmark/fab_ac_bookmark_l_russian.yml"", ""line"": 3, ""key"": ""agot_bm_ac"", ""text"": ""Война Завоевания"", ""header_valid"": true, ""closed_quote"": true}, {""catalog"": ""RU"", ""file"": ""localization/replace/russian/ac/bookmark/fab_conquest_bookmark_l_russian.yml"", ""line"": 3, ""key"": ""agot_bm_ac"", ""text"": ""Дракон поворачивает на запад"", ""header_valid"": true, ""closed_quote"": true}]"
RU,agot_bm_ac_desc,2,2,"[{""catalog"": ""RU"", ""file"": ""localization/replace/russian/ac/bookmark/fab_ac_bookmark_l_russian.yml"", ""line"": 4, ""key"": ""agot_bm_ac_desc"", ""text"": ""Поколениями Драконий Камень взирал на угасание старого валирийского мира по ту сторону Узкого моря. Эйгон Таргариен обратил свой взор на Вестерос. изучив его побережья, реки и горы, он приказал изготовить великий расписной стол: не просто карту, а очертания королевства, ожидающей своего создания. \\n \\nСемь королевских домов делят континент. Харрен Хоар правит Речными землями из своей огромной новой крепости; Аргилак Дюррандон оберегает Штормовые земли; Старки владеют обширным Севером; Ланнистеры командуют золотом запада; Гарденеры царствуют над плодородным Простором; Аррены укрываются за Кровавыми Воротами; а Мартеллы выживают среди пустынь Дорна. Каждая корона считает себя в безопасности. Ни одна ещё не сталкивалась с тремя драконами, действующими с единой целью. \\n \\n#bold В Вестеросе семь королевств и семь корон. Эйгон намерен оставить единого короля.#"", ""header_valid"": true, ""closed_quote"": true}, {""catalog"": ""RU"", ""file"": ""localization/replace/russian/ac/bookmark/fab_conquest_bookmark_l_russian.yml"", ""line"": 4, ""key"": ""agot_bm_ac_desc"", ""text"": ""Поколениями Драконий Камень взирал на угасание старого валирийского мира по ту сторону Узкого моря. Эйгон Таргариен обратил свой взор на Вестерос. Изучив его побережья, реки и горы вместе с Визеньей и Рейнис, он приказал изготовить великий расписной стол: не просто карту, а очертания королевства, ожидающей своего создания. \\n \\nСемь королевских домов делят континент. Харрен Хоар правит Речными землями из своей огромной новой крепости; Аргилак Дюррандон оберегает Штормовые земли; Старки владеют обширным Севером; Ланнистеры командуют золотом запада; Гарденеры царствуют над плодородным Простором; Аррены укрываются за Кровавыми Воротами; а Мартеллы выживают среди пустынь Дорна. Каждая корона считает себя в безопасности. Ни одна из корон ещё не сталкивалась с тремя драконами, действующими с единой целью. \\n \\n#bold В Вестеросе семь королевств и семь корон. Эйгон намерен оставить единого короля.#"", ""header_valid"": true, ""closed_quote"": true}]"
RU,bookmark_02_aegon_targaryen,2,2,"[{""catalog"": ""RU"", ""file"": ""localization/replace/russian/ac/bookmark/fab_ac_bookmark_l_russian.yml"", ""line"": 6, ""key"": ""bookmark_02_aegon_targaryen"", ""text"": ""Эйгон Драконьего Камня"", ""header_valid"": true, ""closed_quote"": true}, {""catalog"": ""RU"", ""file"": ""localization/replace/russian/ac/bookmark/fab_conquest_bookmark_l_russian.yml"", ""line"": 6, ""key"": ""bookmark_02_aegon_targaryen"", ""text"": ""Эйгон Таргариен"", ""header_valid"": true, ""closed_quote"": true}]"
RU,bookmark_02_aegon_targaryen_desc,2,1,"[{""catalog"": ""RU"", ""file"": ""localization/replace/russian/ac/bookmark/fab_ac_bookmark_l_russian.yml"", ""line"": 7, ""key"": ""bookmark_02_aegon_targaryen_desc"", ""text"": ""С Драконьего Камня Эйгон готовит высадку на Черноводной и войны, которые должны последовать. Его притязание дерзко: каждая корона Вестероса должна пасть перед драконом. Визенья, Рейнис и их ездовые драконы придают этим притязаниям силу пророчества. \\n \\n#bold Объединит ли Эйгон континент под домом Таргариенов, или его завоевание погибнет на чуждом берегу?#"", ""header_valid"": true, ""closed_quote"": true}, {""catalog"": ""RU"", ""file"": ""localization/replace/russian/ac/bookmark/fab_conquest_bookmark_l_russian.yml"", ""line"": 7, ""key"": ""bookmark_02_aegon_targaryen_desc"", ""text"": ""С Драконьего Камня Эйгон готовит высадку на Черноводной и войны, которые должны последовать. Его притязание дерзко: каждая корона Вестероса должна пасть перед драконом. Визенья, Рейнис и их ездовые драконы придают этим притязаниям силу пророчества. \\n \\n#bold Объединит ли Эйгон континент под домом Таргариенов, или его завоевание погибнет на чуждом берегу?#"", ""header_valid"": true, ""closed_quote"": true}]"
RU,bookmark_02_visenya_targaryen,2,1,"[{""catalog"": ""RU"", ""file"": ""localization/replace/russian/ac/bookmark/fab_ac_bookmark_l_russian.yml"", ""line"": 8, ""key"": ""bookmark_02_visenya_targaryen"", ""text"": ""Визенья, всадница Вагар"", ""header_valid"": true, ""closed_quote"": true}, {""catalog"": ""RU"", ""file"": ""localization/replace/russian/ac/bookmark/fab_conquest_bookmark_l_russian.yml"", ""line"": 8, ""key"": ""bookmark_02_visenya_targaryen"", ""text"": ""Визенья, всадница Вагар"", ""header_valid"": true, ""closed_quote"": true}]"
RU,bookmark_02_rhaenys_targaryen,2,1,"[{""catalog"": ""RU"", ""file"": ""localization/replace/russian/ac/bookmark/fab_ac_bookmark_l_russian.yml"", ""line"": 9, ""key"": ""bookmark_02_rhaenys_targaryen"", ""text"": ""Рейнис, всадница Меракс"", ""header_valid"": true, ""closed_quote"": true}, {""catalog"": ""RU"", ""file"": ""localization/replace/russian/ac/bookmark/fab_conquest_bookmark_l_russian.yml"", ""line"": 9, ""key"": ""bookmark_02_rhaenys_targaryen"", ""text"": ""Рейнис, всадница Меракс"", ""header_valid"": true, ""closed_quote"": true}]"
RU,bookmark_02_harren_hoare,2,2,"[{""catalog"": ""RU"", ""file"": ""localization/replace/russian/ac/bookmark/fab_ac_bookmark_l_russian.yml"", ""line"": 11, ""key"": ""bookmark_02_harren_hoare"", ""text"": ""Харрен Хоар, Чёрный король"", ""header_valid"": true, ""closed_quote"": true}, {""catalog"": ""RU"", ""file"": ""localization/replace/russian/ac/bookmark/fab_conquest_bookmark_l_russian.yml"", ""line"": 11, ""key"": ""bookmark_02_harren_hoare"", ""text"": ""Харрен Чёрный"", ""header_valid"": true, ""closed_quote"": true}]"
RU,bookmark_02_harren_hoare_desc,2,1,"[{""catalog"": ""RU"", ""file"": ""localization/replace/russian/ac/bookmark/fab_ac_bookmark_l_russian.yml"", ""line"": 12, ""key"": ""bookmark_02_harren_hoare_desc"", ""text"": ""Сорок лет трудов вознесли Харренхолл над Оком Бога, больше любого замка Вестероса и оплаченные кровью речных земель. Харрен Хоар уповает на свои стены, своих железнорождённых и ужас, связанный с его именем. Прибытие Эйгона проверит все три. \\n \\n#bold Сможет ли Чёрный король сломить завоевателя, или он построил костёр для собственного дома?#"", ""header_valid"": true, ""closed_quote"": true}, {""catalog"": ""RU"", ""file"": ""localization/replace/russian/ac/bookmark/fab_conquest_bookmark_l_russian.yml"", ""line"": 12, ""key"": ""bookmark_02_harren_hoare_desc"", ""text"": ""Сорок лет трудов вознесли Харренхолл над Оком Бога, больше любого замка Вестероса и оплаченные кровью речных земель. Харрен Хоар уповает на свои стены, своих железнорождённых и ужас, связанный с его именем. Прибытие Эйгона проверит все три. \\n \\n#bold Сможет ли Чёрный король сломить завоевателя, или он построил костёр для собственного дома?#"", ""header_valid"": true, ""closed_quote"": true}]"
RU,bookmark_02_argilac_durrandon,2,1,"[{""catalog"": ""RU"", ""file"": ""localization/replace/russian/ac/bookmark/fab_ac_bookmark_l_russian.yml"", ""line"": 14, ""key"": ""bookmark_02_argilac_durrandon"", ""text"": ""Аргилак, последний Король Штормов"", ""header_valid"": true, ""closed_quote"": true}, {""catalog"": ""RU"", ""file"": ""localization/replace/russian/ac/bookmark/fab_conquest_bookmark_l_russian.yml"", ""line"": 14, ""key"": ""bookmark_02_argilac_durrandon"", ""text"": ""Аргилак, последний Король Штормов"", ""header_valid"": true, ""closed_quote"": true}]"
RU,bookmark_02_argilac_durrandon_desc,2,1,"[{""catalog"": ""RU"", ""file"": ""localization/replace/russian/ac/bookmark/fab_ac_bookmark_l_russian.yml"", ""line"": 15, ""key"": ""bookmark_02_argilac_durrandon_desc"", ""text"": ""Аргилак Дюррандон искал союза, предложив Эйгону земли, принадлежавшие Харрену Хоару. Ответом Эйгона было требование большего — и брак между Аргеллой и бастардом Орисом Баратеоном. Король Штормов считает это предложение оскорблением, на которое можно ответить только сталью. \\n \\n#bold Сможет ли Аргилак сохранить древнюю корону Дюррандонов и смирить драконовладыку, оскорбившего его дом?#"", ""header_valid"": true, ""closed_quote"": true}, {""catalog"": ""RU"", ""file"": ""localization/replace/russian/ac/bookmark/fab_conquest_bookmark_l_russian.yml"", ""line"": 15, ""key"": ""bookmark_02_argilac_durrandon_desc"", ""text"": ""Аргилак Дюррандон искал союза, предложив Эйгону земли, принадлежавшие Харрену Хоару. Ответом Эйгона было требование большего — и брак между Аргеллой и бастардом Орисом Баратеоном. Король Штормов считает это предложение оскорблением, на которое можно ответить только сталью. \\n \\n#bold Сможет ли Аргилак сохранить древнюю корону Дюррандонов и смирить драконовладыку, оскорбившего его дом?#"", ""header_valid"": true, ""closed_quote"": true}]"
RU,bookmark_02_argella_durrandon,2,1,"[{""catalog"": ""RU"", ""file"": ""localization/replace/russian/ac/bookmark/fab_ac_bookmark_l_russian.yml"", ""line"": 16, ""key"": ""bookmark_02_argella_durrandon"", ""text"": ""Принцесса Аргелла"", ""header_valid"": true, ""closed_quote"": true}, {""catalog"": ""RU"", ""file"": ""localization/replace/russian/ac/bookmark/fab_conquest_bookmark_l_russian.yml"", ""line"": 16, ""key"": ""bookmark_02_argella_durrandon"", ""text"": ""Принцесса Аргелла"", ""header_valid"": true, ""closed_quote"": true}]"
RU,bookmark_02_ronnel_arryn,2,2,"[{""catalog"": ""RU"", ""file"": ""localization/replace/russian/ac/bookmark/fab_ac_bookmark_l_russian.yml"", ""line"": 18, ""key"": ""bookmark_02_ronnel_arryn"", ""text"": ""Роннел, мальчик-король"", ""header_valid"": true, ""closed_quote"": true}, {""catalog"": ""RU"", ""file"": ""localization/replace/russian/ac/bookmark/fab_conquest_bookmark_l_russian.yml"", ""line"": 18, ""key"": ""bookmark_02_ronnel_arryn"", ""text"": ""Роннел Аррен"", ""header_valid"": true, ""closed_quote"": true}]"
RU,bookmark_02_ronnel_arryn_desc,2,1,"[{""catalog"": ""RU"", ""file"": ""localization/replace/russian/ac/bookmark/fab_ac_bookmark_l_russian.yml"", ""line"": 19, ""key"": ""bookmark_02_ronnel_arryn_desc"", ""text"": ""Корона Гор и Долины покоится на голове ребёнка. Королева-регент Шарра правит за своего сына Роннела, защищённая Кровавыми Воротами, Орлиным Гнездом и горами, которые не покорила ни одна армия. Однако драконам горные дороги почти не нужны. \\n \\n#bold Сможет ли Шарра сохранить наследие Роннела, когда враг может просто перелететь через все укрепления?#"", ""header_valid"": true, ""closed_quote"": true}, {""catalog"": ""RU"", ""file"": ""localization/replace/russian/ac/bookmark/fab_conquest_bookmark_l_russian.yml"", ""line"": 19, ""key"": ""bookmark_02_ronnel_arryn_desc"", ""text"": ""Корона Гор и Долины покоится на голове ребёнка. Королева-регент Шарра правит за своего сына Роннела, защищённая Кровавыми Воротами, Орлиным Гнездом и горами, которые не покорила ни одна армия. Однако драконам горные дороги почти не нужны. \\n \\n#bold Сможет ли Шарра сохранить наследие Роннела, когда враг может просто перелететь через все укрепления?#"", ""header_valid"": true, ""closed_quote"": true}]"
RU,bookmark_02_sharra_arryn,2,1,"[{""catalog"": ""RU"", ""file"": ""localization/replace/russian/ac/bookmark/fab_ac_bookmark_l_russian.yml"", ""line"": 20, ""key"": ""bookmark_02_sharra_arryn"", ""text"": ""Королева-регент Шарра"", ""header_valid"": true, ""closed_quote"": true}, {""catalog"": ""RU"", ""file"": ""localization/replace/russian/ac/bookmark/fab_conquest_bookmark_l_russian.yml"", ""line"": 20, ""key"": ""bookmark_02_sharra_arryn"", ""text"": ""Королева-регент Шарра"", ""header_valid"": true, ""closed_quote"": true}]"
RU,bookmark_02_torrhen_stark,2,2,"[{""catalog"": ""RU"", ""file"": ""localization/replace/russian/ac/bookmark/fab_ac_bookmark_l_russian.yml"", ""line"": 22, ""key"": ""bookmark_02_torrhen_stark"", ""text"": ""Торрен, Король Севера"", ""header_valid"": true, ""closed_quote"": true}, {""catalog"": ""RU"", ""file"": ""localization/replace/russian/ac/bookmark/fab_conquest_bookmark_l_russian.yml"", ""line"": 22, ""key"": ""bookmark_02_torrhen_stark"", ""text"": ""Торрен Старк"", ""header_valid"": true, ""closed_quote"": true}]"
RU,bookmark_02_torrhen_stark_desc,2,1,"[{""catalog"": ""RU"", ""file"": ""localization/replace/russian/ac/bookmark/fab_ac_bookmark_l_russian.yml"", ""line"": 23, ""key"": ""bookmark_02_torrhen_stark_desc"", ""text"": ""Торрен Старк правит королевством старше и обширнее любого на юге. Расстояние, зима и Шея всегда охраняли Север, но ничто из этого не может противостоять драконьему огню. Когда требование Эйгона наконец достигнет Винтерфелла, Торрен должен решить, какой ценой он готов заплатить за независимость Севера. \\n \\n#bold Будет ли Король Севера сражаться за свою корону, или спасёт свой народ от войны, которую они не переживут?#"", ""header_valid"": true, ""closed_quote"": true}, {""catalog"": ""RU"", ""file"": ""localization/replace/russian/ac/bookmark/fab_conquest_bookmark_l_russian.yml"", ""line"": 23, ""key"": ""bookmark_02_torrhen_stark_desc"", ""text"": ""Торрен Старк правит королевством старше и обширнее любого на юге. Расстояние, зима и Шея всегда охраняли Север, но ничто из этого не может противостоять драконьему огню. Когда требование Эйгона наконец достигнет Винтерфелла, Торрен должен решить, какой ценой он готов заплатить за независимость Севера. \\n \\n#bold Будет ли Король Севера сражаться за свою корону, или спасёт свой народ от войны, которую они не переживут?#"", ""header_valid"": true, ""closed_quote"": true}]"
RU,bookmark_02_loren_lannister,2,2,"[{""catalog"": ""RU"", ""file"": ""localization/replace/russian/ac/bookmark/fab_ac_bookmark_l_russian.yml"", ""line"": 25, ""key"": ""bookmark_02_loren_lannister"", ""text"": ""Лорен, Король Скалы"", ""header_valid"": true, ""closed_quote"": true}, {""catalog"": ""RU"", ""file"": ""localization/replace/russian/ac/bookmark/fab_conquest_bookmark_l_russian.yml"", ""line"": 25, ""key"": ""bookmark_02_loren_lannister"", ""text"": ""Лорен Ланнистер"", ""header_valid"": true, ""closed_quote"": true}]"
RU,bookmark_02_loren_lannister_desc,2,1,"[{""catalog"": ""RU"", ""file"": ""localization/replace/russian/ac/bookmark/fab_ac_bookmark_l_russian.yml"", ""line"": 26, ""key"": ""bookmark_02_loren_lannister_desc"", ""text"": ""В Кастерли Роке достаточно золота, чтобы нанять армии, снабдить замки и связать союзников, но никакое количество монет не может купить другого дракона. Лорен Ланнистер должен решить, лучше ли защищать богатства запада в одиночку или вместе с зелёными войсками Хайгардена. \\n \\n#bold Сможет ли Король Скалы обратить мощь запада против невозможного оружия Эйгона?#"", ""header_valid"": true, ""closed_quote"": true}, {""catalog"": ""RU"", ""file"": ""localization/replace/russian/ac/bookmark/fab_conquest_bookmark_l_russian.yml"", ""line"": 26, ""key"": ""bookmark_02_loren_lannister_desc"", ""text"": ""В Кастерли Роке достаточно золота, чтобы нанять армии, снабдить замки и связать союзников, но никакое количество монет не может купить другого дракона. Лорен Ланнистер должен решить, лучше ли защищать богатства запада в одиночку или вместе с зелёными войсками Хайгардена. \\n \\n#bold Сможет ли Король Скалы обратить мощь запада против невозможного оружия Эйгона?#"", ""header_valid"": true, ""closed_quote"": true}]"
RU,bookmark_02_mern_gardener,2,2,"[{""catalog"": ""RU"", ""file"": ""localization/replace/russian/ac/bookmark/fab_ac_bookmark_l_russian.yml"", ""line"": 28, ""key"": ""bookmark_02_mern_gardener"", ""text"": ""Мерн IX, Зелёный король"", ""header_valid"": true, ""closed_quote"": true}, {""catalog"": ""RU"", ""file"": ""localization/replace/russian/ac/bookmark/fab_conquest_bookmark_l_russian.yml"", ""line"": 28, ""key"": ""bookmark_02_mern_gardener"", ""text"": ""Мерн IX Садовник"", ""header_valid"": true, ""closed_quote"": true}]"
RU,bookmark_02_mern_gardener_desc,2,1,"[{""catalog"": ""RU"", ""file"": ""localization/replace/russian/ac/bookmark/fab_ac_bookmark_l_russian.yml"", ""line"": 29, ""key"": ""bookmark_02_mern_gardener_desc"", ""text"": ""Мерн Садовник командует самым плодородным королевством Вестероса и величайшим войском, которое может собрать один король. Зелёная рука существует с начала времён королей, и Мерн не намерен стать последним именем в этой древней линии. \\n \\n#bold Сможет ли мощь Простора сокрушить меньшее войско Эйгона, прежде чем драконий огонь решит исход битвы?#"", ""header_valid"": true, ""closed_quote"": true}, {""catalog"": ""RU"", ""file"": ""localization/replace/russian/ac/bookmark/fab_conquest_bookmark_l_russian.yml"", ""line"": 29, ""key"": ""bookmark_02_mern_gardener_desc"", ""text"": ""Мерн Садовник командует самым плодородным королевством Вестероса и величайшим войском, которое может собрать один король. Зелёная рука существует с начала времён королей, и Мерн не намерен стать последним именем в этой древней линии. \\n \\n#bold Сможет ли мощь Простора сокрушить меньшее войско Эйгона, прежде чем драконий огонь решит исход битвы?#"", ""header_valid"": true, ""closed_quote"": true}]"
RU,bookmark_02_meria_martell,2,2,"[{""catalog"": ""RU"", ""file"": ""localization/replace/russian/ac/bookmark/fab_ac_bookmark_l_russian.yml"", ""line"": 31, ""key"": ""bookmark_02_meria_martell"", ""text"": ""Мерия, Принцесса Дорна"", ""header_valid"": true, ""closed_quote"": true}, {""catalog"": ""RU"", ""file"": ""localization/replace/russian/ac/bookmark/fab_conquest_bookmark_l_russian.yml"", ""line"": 31, ""key"": ""bookmark_02_meria_martell"", ""text"": ""Мерия Мартелл"", ""header_valid"": true, ""closed_quote"": true}]"
RU,bookmark_02_meria_martell_desc,2,2,"[{""catalog"": ""RU"", ""file"": ""localization/replace/russian/ac/bookmark/fab_ac_bookmark_l_russian.yml"", ""line"": 32, ""key"": ""bookmark_02_meria_martell_desc"", ""text"": ""Возраст не смягчил принцессу Мерию, и пустыня не сделала Дорн лёгкой добычей. У неё меньше солдат, чем у северных королей, но она знает каждый пустой замок, скрытый колодец и выжженная дорогу, которая ждёт захватчика. Эйгон может завоевать замки; удержать Дорн будет делом иным. \\n \\n#bold Сможет ли Мерия лишить драконов каждой победы и сохранить Дорн не склонившимся, не согнувшимся, не сломленным?#"", ""header_valid"": true, ""closed_quote"": true}, {""catalog"": ""RU"", ""file"": ""localization/replace/russian/ac/bookmark/fab_conquest_bookmark_l_russian.yml"", ""line"": 32, ""key"": ""bookmark_02_meria_martell_desc"", ""text"": ""Возраст не смягчил принцессу Мерию, и пустыня не сделала Дорн лёгкой добычей. У неё меньше солдат, чем у северных королей, но она знает каждый пустой замок, скрытый колодец и выжженную дорогу, которая ждёт захватчика. Эйгон может завоевать замки; удержать Дорн будет делом иным. \\n \\n#bold Сможет ли Мерия лишить драконов каждой победы и сохранить Дорн не склонившимся, не согнувшимся, не сломленным?#"", ""header_valid"": true, ""closed_quote"": true}]"
RU,aegons_invasion_of_the_west,2,1,"[{""catalog"": ""RU"", ""file"": ""localization/replace/russian/ac/cb/fab_ac_wars_l_russian.yml"", ""line"": 18, ""key"": ""aegons_invasion_of_the_west"", ""text"": ""Война Дракона на Западе"", ""header_valid"": true, ""closed_quote"": true}, {""catalog"": ""RU"", ""file"": ""localization/replace/russian/ac/cb/fab_ac_wars_l_russian.yml"", ""line"": 23, ""key"": ""aegons_invasion_of_the_west"", ""text"": ""Война Дракона на Западе"", ""header_valid"": true, ""closed_quote"": true}]"
RU,AEGONS_INVASION_THE_WEST_WAR_NAME,2,1,"[{""catalog"": ""RU"", ""file"": ""localization/replace/russian/ac/cb/fab_ac_wars_l_russian.yml"", ""line"": 19, ""key"": ""AEGONS_INVASION_THE_WEST_WAR_NAME"", ""text"": ""[ATTACKER.GetFirstNamePossessive] война на Западе"", ""header_valid"": true, ""closed_quote"": true}, {""catalog"": ""RU"", ""file"": ""localization/replace/russian/ac/cb/fab_ac_wars_l_russian.yml"", ""line"": 24, ""key"": ""AEGONS_INVASION_THE_WEST_WAR_NAME"", ""text"": ""[ATTACKER.GetFirstNamePossessive] война на Западе"", ""header_valid"": true, ""closed_quote"": true}]"
RU,AEGONS_INVASION_THE_WEST_WAR_NAME_BASE,2,1,"[{""catalog"": ""RU"", ""file"": ""localization/replace/russian/ac/cb/fab_ac_wars_l_russian.yml"", ""line"": 20, ""key"": ""AEGONS_INVASION_THE_WEST_WAR_NAME_BASE"", ""text"": ""[ATTACKER.GetFirstNamePossessive] война на Западе"", ""header_valid"": true, ""closed_quote"": true}, {""catalog"": ""RU"", ""file"": ""localization/replace/russian/ac/cb/fab_ac_wars_l_russian.yml"", ""line"": 25, ""key"": ""AEGONS_INVASION_THE_WEST_WAR_NAME_BASE"", ""text"": ""[ATTACKER.GetFirstNamePossessive] война на Западе"", ""header_valid"": true, ""closed_quote"": true}]"
RU,AEGONS_INVASION_THE_WEST_WAR_CB_NAME,2,1,"[{""catalog"": ""RU"", ""file"": ""localization/replace/russian/ac/cb/fab_ac_wars_l_russian.yml"", ""line"": 21, ""key"": ""AEGONS_INVASION_THE_WEST_WAR_CB_NAME"", ""text"": ""Война Дракона на Западе"", ""header_valid"": true, ""closed_quote"": true}, {""catalog"": ""RU"", ""file"": ""localization/replace/russian/ac/cb/fab_ac_wars_l_russian.yml"", ""line"": 26, ""key"": ""AEGONS_INVASION_THE_WEST_WAR_CB_NAME"", ""text"": ""Война Дракона на Западе"", ""header_valid"": true, ""closed_quote"": true}]"
