records,message
1,[E][pdxassetutil.cpp:1053]: Failed to find texture 'gfx/models/buildings/special/ep3_patras_castle_01_a/ep3_patras_castle_ground_diffuse.dds'
1,[E][virtualfilesystem.cpp:456]: Could not find texture due to 'VFSOpen Error: gfx/models/buildings/special/high_hermitage/gfx/models/buildings/special/ep3_patras_castle_01_a/ep3_patras_castle_ground_diffuse.dds not found'
1,[E][pdxassetutil.cpp:1053]: Failed to find texture 'gfx/models/buildings/special/ep3_patras_castle_01_a/ep3_patras_castle_ground_properties.dds'
1,[E][virtualfilesystem.cpp:456]: Could not find texture due to 'VFSOpen Error: gfx/models/buildings/special/high_hermitage/gfx/models/buildings/special/ep3_patras_castle_01_a/ep3_patras_castle_ground_properties.dds not found'
1,[E][pdxassetutil.cpp:1053]: Failed to find texture 'gfx/models/buildings/special/ep3_patras_castle_01_a/ep3_patras_castle_ground_normal.dds'
1,[E][virtualfilesystem.cpp:456]: Could not find texture due to 'VFSOpen Error: gfx/models/buildings/special/high_hermitage/gfx/models/buildings/special/ep3_patras_castle_01_a/ep3_patras_castle_ground_normal.dds not found'
1,[E][pdxassetutil.cpp:1053]: Failed to find texture 'gfx/models/buildings/special/ep3_patras_castle_01_a/ep3_patras_castle_01_a_unique.dds'
1,[E][virtualfilesystem.cpp:456]: Could not find texture due to 'VFSOpen Error: gfx/models/buildings/special/high_hermitage/gfx/models/buildings/special/ep3_patras_castle_01_a/ep3_patras_castle_01_a_unique.dds not found'
7,[E][pdxassetutil.cpp:1053]: Failed to find texture 'gfx/models/debug/no_properties.dds'
7,[E][virtualfilesystem.cpp:456]: Could not find texture due to 'VFSOpen Error: gfx/models/buildings/special/castamere/gfx/models/debug/no_properties.dds not found'
7,[E][pdxassetutil.cpp:1053]: Failed to find texture 'gfx/models/debug/no_normal.dds'
7,[E][virtualfilesystem.cpp:456]: Could not find texture due to 'VFSOpen Error: gfx/models/buildings/special/castamere/gfx/models/debug/no_normal.dds not found'
1,[E][pdxassetutil.cpp:1053]: Failed to find texture 'gfx/models/buildings/holdings/atlas/ethiopian/ethiopian_atlas_properties.dds'
1,[E][virtualfilesystem.cpp:456]: Could not find texture due to 'VFSOpen Error: gfx/models/buildings/special/Karhold/gfx/models/buildings/holdings/atlas/ethiopian/ethiopian_atlas_properties.dds not found'
1,[E][pdxassetutil.cpp:1053]: Failed to find texture 'gfx/models/buildings/holdings/atlas/ethiopian/ethiopian_atlas_normal.dds'
1,[E][virtualfilesystem.cpp:456]: Could not find texture due to 'VFSOpen Error: gfx/models/buildings/special/Karhold/gfx/models/buildings/holdings/atlas/ethiopian/ethiopian_atlas_normal.dds not found'
2,"[E][pdx_persistent_reader.cpp:216]: Error: ""Failed to read key reference: 1453_end_date: 1453_end_date, near line: N
Failed to read key reference: rhomaion_name_of_byzantium: rhomaion_name_of_byzantium, near line: N
Failed to read key reference: default_mongol_invasion: default_mongol_invasion, near line: N
Failed to read key reference: random_ruler_placement_off: random_ruler_placement_off, near line: N
Failed to read key reference: launch_historical: launch_historical, near line: N
Failed to read key reference: fp1_scandi_adventurers_apocalyptic: fp1_scandi_adventurers_apocalyptic, near line: N
Failed to read key reference: dissolution_after_caliph_death: dissolution_after_caliph_death, near line: N
Failed to read key reference: default_seljuk_invasion: default_seljuk_invasion, near line: N
Failed to read key reference: situation_the_great_steppe_toggle_on: situation_the_great_steppe_toggle_on, near line: N
Failed to read key reference: struggle_iberia_toggle_on: struggle_iberia_toggle_on, near line: N
Failed to read key reference: struggle_persia_toggle_on: struggle_persia_toggle_on, near line: N
Failed to read key reference: historicity_ruler_of_munster_historical_toirdelbach: historicity_ruler_of_munster_historical_toirdelbach, near line: N
Failed to read key reference: historicity_norman_conquest_default_random: historicity_norman_conquest_default_random, near line: N
Failed to read key reference: tibet_nomad_region_on: tibet_nomad_region_on, near line: N
Failed to read key reference: sami_nomad_region_on: sami_nomad_region_on, near line: N
Failed to read key reference: arabia_nomad_region_on: arabia_nomad_region_on, near line: N
Failed to read key reference: sahel_nomad_region_on: sahel_nomad_region_on, near line: N
Failed to read key reference: horn_of_africa_nomad_region_on: horn_of_africa_nomad_region_on, near line: N
Failed to read key reference: historicity_extra_admin_egypt_gameplay_not_administrative: historicity_extra_admin_egypt_gameplay_not_administrative, near line: N
Failed to read key reference: historicity_extra_admin_arabia_gameplay_not_administrative: historicity_extra_admin_arabia_gameplay_not_administrative, near line: N
Failed to read key reference: historicity_extra_admin_ghana_gameplay_not_administrative: historicity_extra_admin_ghana_gameplay_not_administrative, near line: N
Failed to read key reference: historicity_extra_admin_kabulistan_gameplay_not_administrative: historicity_extra_admin_kabulistan_gameplay_not_administrative, near line: N
Failed to read key reference: historicity_extra_admin_persia_gameplay_not_administrative: historicity_extra_admin_persia_gameplay_not_administrative, near line: N
Failed to read key reference: historicity_extra_admin_maghreb_gameplay_not_administrative: historicity_extra_admin_maghreb_gameplay_not_administrative, near line: N
Failed to read key reference: historicity_extra_admin_tamilakam_gameplay_not_administrative: historicity_extra_admin_tamilakam_gameplay_not_administrative, near line: N
Failed to read key reference: historicity_extra_admin_carolingians_gameplay_not_administrative: historicity_extra_admin_carolingians_gameplay_not_administrative, near line: N
Failed to read key reference: historicity_extra_admin_player_wherever_gameplay_not_administrative: historicity_extra_admin_player_wherever_gameplay_not_administrative, near line: N
Failed to read key reference: historicity_frankokratia_fourth_crusade: historicity_frankokratia_fourth_crusade, near line: N
Failed to read key reference: silk_road_starting_innovations_preset: silk_road_starting_innovations_preset, near line: N
Failed to read key reference: ACR_RE_tradition_slots_plus_95: ACR_RE_tradition_slots_plus_95, near line: N
Failed to read key reference: ACR_RE_tradition_cost_free: ACR_RE_tradition_cost_free, near line: N
Failed to read key reference: ACR_RE_tradition_cooldown_none: ACR_RE_tradition_cooldown_none, near line: N
Failed to read key reference: ACR_RE_truce_duration_5: ACR_RE_truce_duration_5, near line: N
Failed to read key reference: ACR_RE_truce_scope_player_primary: ACR_RE_truce_scope_player_primary, near line: N
Failed to read key reference: ACR_RE_council_task_speed_1_month: ACR_RE_council_task_speed_1_month, near line: N
Failed to read key reference: HM_RE_rule_player_free_functions_enabled: HM_RE_rule_player_free_functions_enabled, near line: N
Failed to read key reference: HM_RE_rule_change_holding_type_cost_very_cheap: HM_RE_rule_change_holding_type_cost_very_cheap, near line: N
Failed to read key reference: HM_RE_rule_change_holding_type_cooldown_very_short: HM_RE_rule_change_holding_type_cooldown_very_short, near line: N
Failed to read key reference: HM_RE_rule_can_replace_buildings_vassals: HM_RE_rule_can_replace_buildings_vassals, near line: N
Failed to read key reference: HM_RE_rule_can_feudalize_holdings_vassals: HM_RE_rule_can_feudalize_holdings_vassals, near line: N
Failed to read key reference: HM_RE_value_construct_buildings_gold_cost_cap_very_cheap: HM_RE_value_construct_buildings_gold_cost_cap_very_cheap, near line: N
Failed to read key reference: HM_RE_rule_player_extra_slots_enabled: HM_RE_rule_player_extra_slots_enabled, near line: N
Failed to read key reference: HM_RE_rule_player_slot_base_cost_very_cheap: HM_RE_rule_player_slot_base_cost_very_cheap, near line: N
Failed to read key reference: HM_RE_rule_player_slot_step_cost_very_cheap: HM_RE_rule_player_slot_step_cost_very_cheap, near line: N
Failed to read key reference: HM_RE_rule_construction_time_cost_free: HM_RE_rule_construction_time_cost_free, near line: N
Failed to read key reference: HM_RE_build_all_button_on: HM_RE_build_all_button_on, near line: N
Failed to read key reference: HM_RE_upgrade_all_button_on: HM_RE_upgrade_all_button_on, near line: N
Failed to read key reference: HM_RE_make_nomad_button_on: HM_RE_make_nomad_button_on, near line: N
Failed to read key reference: HM_RE_make_temple_citadel_button_on: HM_RE_make_temple_citadel_button_on, near line: N
Failed to read key reference: HM_RE_player_add_slots_decision_on: HM_RE_player_add_slots_decision_on, near line: N
Failed to read key reference: HM_RE_player_add_slots_decision_base_cost_very_cheap: HM_RE_player_add_slots_decision_base_cost_very_cheap, near line: N
Failed to read key reference: HM_RE_player_cost_gold: HM_RE_player_cost_gold, near line: N
Failed to read key reference: HM_RE_rule_ai_extra_slots_disabled: HM_RE_rule_ai_extra_slots_disabled, near line: N
Failed to read key reference: HM_RE_rule_ai_slot_base_cost_very_expensive: HM_RE_rule_ai_slot_base_cost_very_expensive, near line: N
Failed to read key reference: HM_RE_rule_ai_slot_step_cost_very_expensive: HM_RE_rule_ai_slot_step_cost_very_expensive, near line: N"" in file: """" near line: N"
