category,owner,key,new_records,first_log_line,all_log_lines,message
unattributed_settings_reader,Unattributed,,1,1229,1229,"[E][pdx_persistent_reader.cpp:216]: Error: ""Failed to read key reference: : , near line: N
Failed to read key reference: : , near line: N
Failed to read key reference: : , near line: N
Failed to read key reference: : , near line: N
Failed to read key reference: : , near line: N
Failed to read key reference: : , near line: N
Failed to read key reference: : , near line: N
Failed to read key reference: : , near line: N
Failed to read key reference: : , near line: N
Failed to read key reference: : , near line: N
Failed to read key reference: : , near line: N
Failed to read key reference: : , near line: N
Failed to read key reference: : , near line: N
Failed to read key reference: : , near line: N
Failed to read key reference: : , near line: N
Failed to read key reference: : , near line: N
Failed to read key reference: : , near line: N
Failed to read key reference: : , near line: N
Failed to read key reference: : , near line: N
Failed to read key reference: : , near line: N
Failed to read key reference: : , near line: N
Failed to read key reference: : , near line: N
Failed to read key reference: : , near line: N
Failed to read key reference: : , near line: N
Failed to read key reference: : , near line: N
Failed to read key reference: : , near line: N
Failed to read key reference: : , near line: N
Failed to read key reference: : , near line: N
Failed to read key reference: : , near line: N
Failed to read key reference: : , near line: N
Failed to read key reference: : , near line: N
Failed to read key reference: : , near line: N
Failed to read key reference: : , near line: N
Failed to read key reference: : , near line: N
Failed to read key reference: : , near line: N
Failed to read key reference: : , near line: N
Failed to read key reference: : , near line: N
Failed to read key reference: : , near line: N
Failed to read key reference: : , near line: N
Failed to read key reference: : , near line: N
Failed to read key reference: : , near line: N
Failed to read key reference: : , near line: N
Failed to read key reference: : , near line: N
Failed to read key reference: : , near line: N
Failed to read key reference: : , near line: N
Failed to read key reference: : , near line: N
Failed to read key reference: : , near line: N
Failed to read key reference: : , near line: N
Failed to read key reference: : , near line: N
Failed to read key reference: : , near line: N
Failed to read key reference: : , near line: N
Failed to read key reference: : , near line: N
Failed to read key reference: : , near line: N
Failed to read key reference: : , near line: N
Failed to read key reference: : , near line: N"" in file: """" near line: N"
set_not_used_flag,Fire and Blood / AGOT integration,shivers,2,1546,1546; 1601,[E][jomini_effect.cpp:1145]: Flag 'shivers' is set but is never used. Note that use in localization doesn't count due to technical limitations. Use in unused scripted triggers and effects also does not count
set_not_used_flag,Fire and Blood / AGOT integration,hold,2,1549,1549; 1604,[E][jomini_effect.cpp:1145]: Flag 'hold' is set but is never used. Note that use in localization doesn't count due to technical limitations. Use in unused scripted triggers and effects also does not count
set_not_used_flag,Fire and Blood / AGOT integration,pact,2,1550,1550; 1605,[E][jomini_effect.cpp:1145]: Flag 'pact' is set but is never used. Note that use in localization doesn't count due to technical limitations. Use in unused scripted triggers and effects also does not count
used_not_set,Fire and Blood,fab_never_silent_sister,2,1557,1557; 1612,[E][jomini_effect.cpp:1161]: Variable 'fab_never_silent_sister' is used but is never set. Setting it in an unused scripted trigger or effect does not count
set_not_used_variable,Fire and Blood,fab_ourfury_rainwood_route,2,1560,1560; 1615,[E][jomini_effect.cpp:1145]: Variable 'fab_ourfury_rainwood_route' is set but is never used. Note that use in localization doesn't count due to technical limitations. Use in unused scripted triggers and effects also does not count
set_not_used_variable,Fire and Blood,fab_ourfury_dragonstone_envoy,2,1561,1561; 1616,[E][jomini_effect.cpp:1145]: Variable 'fab_ourfury_dragonstone_envoy' is set but is never used. Note that use in localization doesn't count due to technical limitations. Use in unused scripted triggers and effects also does not count
set_not_used_variable,Fire and Blood,fab_ourfury_reputation_spread,2,1562,1562; 1617,[E][jomini_effect.cpp:1145]: Variable 'fab_ourfury_reputation_spread' is set but is never used. Note that use in localization doesn't count due to technical limitations. Use in unused scripted triggers and effects also does not count
set_not_used_variable,Fire and Blood,fab_ourfury_orys_seized,2,1564,1564; 1619,[E][jomini_effect.cpp:1145]: Variable 'fab_ourfury_orys_seized' is set but is never used. Note that use in localization doesn't count due to technical limitations. Use in unused scripted triggers and effects also does not count
set_not_used_variable,Fire and Blood,fab_ourfury_marchers_released,2,1565,1565; 1620,[E][jomini_effect.cpp:1145]: Variable 'fab_ourfury_marchers_released' is set but is never used. Note that use in localization doesn't count due to technical limitations. Use in unused scripted triggers and effects also does not count
set_not_used_variable,Fire and Blood,fab_saera_reconciled_early,2,1566,1566; 1621,[E][jomini_effect.cpp:1145]: Variable 'fab_saera_reconciled_early' is set but is never used. Note that use in localization doesn't count due to technical limitations. Use in unused scripted triggers and effects also does not count
set_not_used_variable,Fire and Blood,fab_saera_roy_exiled,2,1568,1568; 1623,[E][jomini_effect.cpp:1145]: Variable 'fab_saera_roy_exiled' is set but is never used. Note that use in localization doesn't count due to technical limitations. Use in unused scripted triggers and effects also does not count
set_not_used_variable,Fire and Blood,fab_rego_killers_found,2,1569,1569; 1624,[E][jomini_effect.cpp:1145]: Variable 'fab_rego_killers_found' is set but is never used. Note that use in localization doesn't count due to technical limitations. Use in unused scripted triggers and effects also does not count
set_not_used_variable,Fire and Blood,fab_north_slain_dragon,2,1570,1570; 1625,[E][jomini_effect.cpp:1145]: Variable 'fab_north_slain_dragon' is set but is never used. Note that use in localization doesn't count due to technical limitations. Use in unused scripted triggers and effects also does not count
set_not_used_variable,Fire and Blood,fab_saera_confined,2,1571,1571; 1626,[E][jomini_effect.cpp:1145]: Variable 'fab_saera_confined' is set but is never used. Note that use in localization doesn't count due to technical limitations. Use in unused scripted triggers and effects also does not count
set_not_used_variable,Fire and Blood,fab_viserra_ride_resolved,2,1572,1572; 1627,[E][jomini_effect.cpp:1145]: Variable 'fab_viserra_ride_resolved' is set but is never used. Note that use in localization doesn't count due to technical limitations. Use in unused scripted triggers and effects also does not count
set_not_used_variable,Fire and Blood,fab_maegelle_joined_faith,2,1573,1573; 1628,[E][jomini_effect.cpp:1145]: Variable 'fab_maegelle_joined_faith' is set but is never used. Note that use in localization doesn't count due to technical limitations. Use in unused scripted triggers and effects also does not count
set_not_used_variable,Fire and Blood,fab_ourfury_orys_sworn,2,1574,1574; 1629,[E][jomini_effect.cpp:1145]: Variable 'fab_ourfury_orys_sworn' is set but is never used. Note that use in localization doesn't count due to technical limitations. Use in unused scripted triggers and effects also does not count
set_not_used_variable,Fire and Blood,fab_saera_in_lys,2,1575,1575; 1630,[E][jomini_effect.cpp:1145]: Variable 'fab_saera_in_lys' is set but is never used. Note that use in localization doesn't count due to technical limitations. Use in unused scripted triggers and effects also does not count
set_not_used_variable,Fire and Blood,fab_rego_hunt_watch,2,1576,1576; 1631,[E][jomini_effect.cpp:1145]: Variable 'fab_rego_hunt_watch' is set but is never used. Note that use in localization doesn't count due to technical limitations. Use in unused scripted triggers and effects also does not count
set_not_used_variable,Fire and Blood,fab_ourfury_orys_sent_home,2,1577,1577; 1632,[E][jomini_effect.cpp:1145]: Variable 'fab_ourfury_orys_sent_home' is set but is never used. Note that use in localization doesn't count due to technical limitations. Use in unused scripted triggers and effects also does not count
set_not_used_variable,Fire and Blood,fab_dorne_war_of_knives,2,1579,1579; 1634,[E][jomini_effect.cpp:1145]: Variable 'fab_dorne_war_of_knives' is set but is never used. Note that use in localization doesn't count due to technical limitations. Use in unused scripted triggers and effects also does not count
set_not_used_variable,Fire and Blood,fab_ourfury_king_withdrew,2,1580,1580; 1635,[E][jomini_effect.cpp:1145]: Variable 'fab_ourfury_king_withdrew' is set but is never used. Note that use in localization doesn't count due to technical limitations. Use in unused scripted triggers and effects also does not count
set_not_used_variable,Fire and Blood,fab_ourfury_duel_won,2,1581,1581; 1636,[E][jomini_effect.cpp:1145]: Variable 'fab_ourfury_duel_won' is set but is never used. Note that use in localization doesn't count due to technical limitations. Use in unused scripted triggers and effects also does not count
set_not_used_variable,Fire and Blood,fab_ourfury_argella_wed_orys,2,1582,1582; 1637,[E][jomini_effect.cpp:1145]: Variable 'fab_ourfury_argella_wed_orys' is set but is never used. Note that use in localization doesn't count due to technical limitations. Use in unused scripted triggers and effects also does not count
set_not_used_variable,Fire and Blood,fab_vaegon_sent_to_citadel,2,1583,1583; 1638,[E][jomini_effect.cpp:1145]: Variable 'fab_vaegon_sent_to_citadel' is set but is never used. Note that use in localization doesn't count due to technical limitations. Use in unused scripted triggers and effects also does not count
set_not_used_variable,Fire and Blood,fab_aemon_tarth_refused,2,1584,1584; 1639,[E][jomini_effect.cpp:1145]: Variable 'fab_aemon_tarth_refused' is set but is never used. Note that use in localization doesn't count due to technical limitations. Use in unused scripted triggers and effects also does not count
set_not_used_variable,Fire and Blood,fab_rego_unavenged,2,1585,1585; 1640,[E][jomini_effect.cpp:1145]: Variable 'fab_rego_unavenged' is set but is never used. Note that use in localization doesn't count due to technical limitations. Use in unused scripted triggers and effects also does not count
set_not_used_variable,Fire and Blood,fab_baelon_never_remarries,2,1586,1586; 1641,[E][jomini_effect.cpp:1145]: Variable 'fab_baelon_never_remarries' is set but is never used. Note that use in localization doesn't count due to technical limitations. Use in unused scripted triggers and effects also does not count
set_not_used_variable,Fire and Blood,fab_ourfury_meraxes_slain,2,1587,1587; 1642,[E][jomini_effect.cpp:1145]: Variable 'fab_ourfury_meraxes_slain' is set but is never used. Note that use in localization doesn't count due to technical limitations. Use in unused scripted triggers and effects also does not count
set_not_used_variable,Fire and Blood,fab_infant_aegon_fate_scheduled,2,1589,1589; 1644,[E][jomini_effect.cpp:1145]: Variable 'fab_infant_aegon_fate_scheduled' is set but is never used. Note that use in localization doesn't count due to technical limitations. Use in unused scripted triggers and effects also does not count
missing_character,Fire and Blood,fab_aurion,2,1645,1645; 1646,[E][history.cpp:644]: Referencing non-existent character in script link character:fab_aurion
