Category,Diagnostic,Messages,FirstLogLine,Files
accessory_entity,could not find entity [female_cloak_asoiaf_stannis_cloak_1] - file: gfx/portraits/accessories/asoiaf_cloaks.txt line: * (female_cloak_asoiaf_stormlands_stannis_cloak_1),1,1433,gfx/portraits/accessories/asoiaf_cloaks.txt
accessory_entity,could not find entity [female_clothes_asoiaf_stannis_clothes_1] - file: gfx/portraits/accessories/asoiaf_clothes.txt line: * (female_clothes_asoiaf_stormlands_stannis_clothes_1),1,1434,gfx/portraits/accessories/asoiaf_clothes.txt
accessory_entity,could not find entity [female_jewellery_asoiaf_septon_necklace_1] - file: gfx/portraits/accessories/asoiaf_jewellery.txt line: * (female_jewellery_asoiaf_septon_necklace_1),1,1435,gfx/portraits/accessories/asoiaf_jewellery.txt
ai_decisions,asoiaf_aegon_II_greens_cadet_branch_decision,1,9757,
ai_decisions,asoiaf_baelish_cadets_decision,1,9754,
ai_decisions,asoiaf_greyjoy_cadets_decision,1,9753,
ai_decisions,asoiaf_harlaw_cadets_decision,1,9755,
ai_decisions,asoiaf_jon_targ_cadet_branch_decision,1,9756,
artifact_visuals,asoiaf_hound_armour_visuals,1,10207,
character_links,Broome_rs_54,1,10951,
character_links,Dormund_1,4,10949,
character_links,Hotah_rs_2,2,10954,
character_links,Targaryen_61_1,4,10958,
character_links,asoiaf_Targaryen_61_1,2,10956,
dna_accessory,Unknown legwear gene accessory group agot_trousers,1,10024,common/bookmark_portraits/challenge_character_282_walder_frey.txt
dna_accessory,Unknown legwear gene accessory group asoiaf_lannister_war_legs,1,9997,common/bookmark_portraits/bookmark_236_tion_lannister.txt
dna_accessory,Unknown legwear gene accessory group kingsguard_war_01_legwear,1,9998,common/bookmark_portraits/bookmark_277_barristan_selmy.txt
dna_accessory,Unknown legwear gene accessory group maester_legwear,1,10011,common/bookmark_portraits/bookmark_284_cressen.txt
dna_duplicate,Trying to read gene gene_bs_ear_outward a second time,2,9999,common/bookmark_portraits/bookmark_282_eddard_stark.txt | common/bookmark_portraits/bookmark_282_robert_baratheon.txt
dna_duplicate,Trying to read gene gene_no_portrait a second time,1,3123,common/dna_data/test_dna_north.txt
dna_missing_gene,eye_color_saturation,53,1498,common/dna_data/test_dna_crownlands.txt | common/dna_data/test_dna_dornish.txt | common/dna_data/test_dna_essos.txt | common/dna_data/test_dna_iron_isles.txt | common/dna_data/test_dna_north.txt | common/dna_data/test_dna_reach.txt | common/dna_data/test_dna_riverlands.txt | common/dna_data/test_dna_stormlands.txt | common/dna_data/test_dna_vale.txt | common/dna_data/test_dna_valyrian.txt | common/dna_data/test_dna_westerlands.txt
dna_missing_gene,gene_bs_eye_lower_lid_size,54,1500,common/dna_data/test_dna_crownlands.txt | common/dna_data/test_dna_dornish.txt | common/dna_data/test_dna_essos.txt | common/dna_data/test_dna_iron_isles.txt | common/dna_data/test_dna_north.txt | common/dna_data/test_dna_reach.txt | common/dna_data/test_dna_riverlands.txt | common/dna_data/test_dna_stormlands.txt | common/dna_data/test_dna_vale.txt | common/dna_data/test_dna_valyrian.txt | common/dna_data/test_dna_westerlands.txt
dna_missing_gene,gene_bs_eye_shape,54,1501,common/dna_data/test_dna_crownlands.txt | common/dna_data/test_dna_dornish.txt | common/dna_data/test_dna_essos.txt | common/dna_data/test_dna_iron_isles.txt | common/dna_data/test_dna_north.txt | common/dna_data/test_dna_reach.txt | common/dna_data/test_dna_riverlands.txt | common/dna_data/test_dna_stormlands.txt | common/dna_data/test_dna_vale.txt | common/dna_data/test_dna_valyrian.txt | common/dna_data/test_dna_westerlands.txt
dna_missing_gene,gene_bs_head_shape,172,1499,common/dna_data/test_dna_crownlands.txt | common/dna_data/test_dna_dornish.txt | common/dna_data/test_dna_essos.txt | common/dna_data/test_dna_iron_isles.txt | common/dna_data/test_dna_north.txt | common/dna_data/test_dna_reach.txt | common/dna_data/test_dna_riverlands.txt | common/dna_data/test_dna_stormlands.txt | common/dna_data/test_dna_vale.txt | common/dna_data/test_dna_valyrian.txt | common/dna_data/test_dna_westerlands.txt
dna_missing_gene,gene_dragon_body_pattern,298,1447,common/dna_data/test_dna_beyond_the_wall.txt | common/dna_data/test_dna_crownlands.txt | common/dna_data/test_dna_dornish.txt | common/dna_data/test_dna_easter_eggs.txt | common/dna_data/test_dna_essos.txt | common/dna_data/test_dna_iron_isles.txt | common/dna_data/test_dna_north.txt | common/dna_data/test_dna_reach.txt | common/dna_data/test_dna_riverlands.txt | common/dna_data/test_dna_stormlands.txt | common/dna_data/test_dna_vale.txt | common/dna_data/test_dna_valyrian.txt | common/dna_data/test_dna_vanity.txt | common/dna_data/test_dna_westerlands.txt
dna_missing_gene,gene_dragon_body_shading,202,1494,common/dna_data/test_dna_crownlands.txt | common/dna_data/test_dna_dornish.txt | common/dna_data/test_dna_essos.txt | common/dna_data/test_dna_iron_isles.txt | common/dna_data/test_dna_north.txt | common/dna_data/test_dna_reach.txt | common/dna_data/test_dna_riverlands.txt | common/dna_data/test_dna_stormlands.txt | common/dna_data/test_dna_vale.txt | common/dna_data/test_dna_valyrian.txt | common/dna_data/test_dna_vanity.txt | common/dna_data/test_dna_westerlands.txt
dna_missing_gene,gene_dragon_eye_color_hue,186,1479,common/dna_data/test_dna_crownlands.txt | common/dna_data/test_dna_dornish.txt | common/dna_data/test_dna_essos.txt | common/dna_data/test_dna_iron_isles.txt | common/dna_data/test_dna_north.txt | common/dna_data/test_dna_reach.txt | common/dna_data/test_dna_riverlands.txt | common/dna_data/test_dna_stormlands.txt | common/dna_data/test_dna_vale.txt | common/dna_data/test_dna_valyrian.txt | common/dna_data/test_dna_vanity.txt | common/dna_data/test_dna_westerlands.txt
dna_missing_gene,gene_dragon_eye_color_saturation,298,1441,common/dna_data/test_dna_beyond_the_wall.txt | common/dna_data/test_dna_crownlands.txt | common/dna_data/test_dna_dornish.txt | common/dna_data/test_dna_easter_eggs.txt | common/dna_data/test_dna_essos.txt | common/dna_data/test_dna_iron_isles.txt | common/dna_data/test_dna_north.txt | common/dna_data/test_dna_reach.txt | common/dna_data/test_dna_riverlands.txt | common/dna_data/test_dna_stormlands.txt | common/dna_data/test_dna_vale.txt | common/dna_data/test_dna_valyrian.txt | common/dna_data/test_dna_vanity.txt | common/dna_data/test_dna_westerlands.txt
dna_missing_gene,gene_dragon_eye_color_value,186,1480,common/dna_data/test_dna_crownlands.txt | common/dna_data/test_dna_dornish.txt | common/dna_data/test_dna_essos.txt | common/dna_data/test_dna_iron_isles.txt | common/dna_data/test_dna_north.txt | common/dna_data/test_dna_reach.txt | common/dna_data/test_dna_riverlands.txt | common/dna_data/test_dna_stormlands.txt | common/dna_data/test_dna_vale.txt | common/dna_data/test_dna_valyrian.txt | common/dna_data/test_dna_vanity.txt | common/dna_data/test_dna_westerlands.txt
dna_missing_gene,gene_dragon_fire_color,298,1443,common/dna_data/test_dna_beyond_the_wall.txt | common/dna_data/test_dna_crownlands.txt | common/dna_data/test_dna_dornish.txt | common/dna_data/test_dna_easter_eggs.txt | common/dna_data/test_dna_essos.txt | common/dna_data/test_dna_iron_isles.txt | common/dna_data/test_dna_north.txt | common/dna_data/test_dna_reach.txt | common/dna_data/test_dna_riverlands.txt | common/dna_data/test_dna_stormlands.txt | common/dna_data/test_dna_vale.txt | common/dna_data/test_dna_valyrian.txt | common/dna_data/test_dna_vanity.txt | common/dna_data/test_dna_westerlands.txt
dna_missing_gene,gene_dragon_fire_smoke,298,1444,common/dna_data/test_dna_beyond_the_wall.txt | common/dna_data/test_dna_crownlands.txt | common/dna_data/test_dna_dornish.txt | common/dna_data/test_dna_easter_eggs.txt | common/dna_data/test_dna_essos.txt | common/dna_data/test_dna_iron_isles.txt | common/dna_data/test_dna_north.txt | common/dna_data/test_dna_reach.txt | common/dna_data/test_dna_riverlands.txt | common/dna_data/test_dna_stormlands.txt | common/dna_data/test_dna_vale.txt | common/dna_data/test_dna_valyrian.txt | common/dna_data/test_dna_vanity.txt | common/dna_data/test_dna_westerlands.txt
dna_missing_gene,gene_dragon_horn_color_hue,186,1481,common/dna_data/test_dna_crownlands.txt | common/dna_data/test_dna_dornish.txt | common/dna_data/test_dna_essos.txt | common/dna_data/test_dna_iron_isles.txt | common/dna_data/test_dna_north.txt | common/dna_data/test_dna_reach.txt | common/dna_data/test_dna_riverlands.txt | common/dna_data/test_dna_stormlands.txt | common/dna_data/test_dna_vale.txt | common/dna_data/test_dna_valyrian.txt | common/dna_data/test_dna_vanity.txt | common/dna_data/test_dna_westerlands.txt
dna_missing_gene,gene_dragon_horn_color_saturation,298,1442,common/dna_data/test_dna_beyond_the_wall.txt | common/dna_data/test_dna_crownlands.txt | common/dna_data/test_dna_dornish.txt | common/dna_data/test_dna_easter_eggs.txt | common/dna_data/test_dna_essos.txt | common/dna_data/test_dna_iron_isles.txt | common/dna_data/test_dna_north.txt | common/dna_data/test_dna_reach.txt | common/dna_data/test_dna_riverlands.txt | common/dna_data/test_dna_stormlands.txt | common/dna_data/test_dna_vale.txt | common/dna_data/test_dna_valyrian.txt | common/dna_data/test_dna_vanity.txt | common/dna_data/test_dna_westerlands.txt
dna_missing_gene,gene_dragon_horn_color_value,186,1482,common/dna_data/test_dna_crownlands.txt | common/dna_data/test_dna_dornish.txt | common/dna_data/test_dna_essos.txt | common/dna_data/test_dna_iron_isles.txt | common/dna_data/test_dna_north.txt | common/dna_data/test_dna_reach.txt | common/dna_data/test_dna_riverlands.txt | common/dna_data/test_dna_stormlands.txt | common/dna_data/test_dna_vale.txt | common/dna_data/test_dna_valyrian.txt | common/dna_data/test_dna_vanity.txt | common/dna_data/test_dna_westerlands.txt
dna_missing_gene,gene_dragon_metallic_scales_strength,202,1490,common/dna_data/test_dna_crownlands.txt | common/dna_data/test_dna_dornish.txt | common/dna_data/test_dna_essos.txt | common/dna_data/test_dna_iron_isles.txt | common/dna_data/test_dna_north.txt | common/dna_data/test_dna_reach.txt | common/dna_data/test_dna_riverlands.txt | common/dna_data/test_dna_stormlands.txt | common/dna_data/test_dna_vale.txt | common/dna_data/test_dna_valyrian.txt | common/dna_data/test_dna_vanity.txt | common/dna_data/test_dna_westerlands.txt
dna_missing_gene,gene_dragon_primary_color_hue,186,1473,common/dna_data/test_dna_crownlands.txt | common/dna_data/test_dna_dornish.txt | common/dna_data/test_dna_essos.txt | common/dna_data/test_dna_iron_isles.txt | common/dna_data/test_dna_north.txt | common/dna_data/test_dna_reach.txt | common/dna_data/test_dna_riverlands.txt | common/dna_data/test_dna_stormlands.txt | common/dna_data/test_dna_vale.txt | common/dna_data/test_dna_valyrian.txt | common/dna_data/test_dna_vanity.txt | common/dna_data/test_dna_westerlands.txt
dna_missing_gene,gene_dragon_primary_color_saturation,298,1438,common/dna_data/test_dna_beyond_the_wall.txt | common/dna_data/test_dna_crownlands.txt | common/dna_data/test_dna_dornish.txt | common/dna_data/test_dna_easter_eggs.txt | common/dna_data/test_dna_essos.txt | common/dna_data/test_dna_iron_isles.txt | common/dna_data/test_dna_north.txt | common/dna_data/test_dna_reach.txt | common/dna_data/test_dna_riverlands.txt | common/dna_data/test_dna_stormlands.txt | common/dna_data/test_dna_vale.txt | common/dna_data/test_dna_valyrian.txt | common/dna_data/test_dna_vanity.txt | common/dna_data/test_dna_westerlands.txt
dna_missing_gene,gene_dragon_primary_color_value,186,1474,common/dna_data/test_dna_crownlands.txt | common/dna_data/test_dna_dornish.txt | common/dna_data/test_dna_essos.txt | common/dna_data/test_dna_iron_isles.txt | common/dna_data/test_dna_north.txt | common/dna_data/test_dna_reach.txt | common/dna_data/test_dna_riverlands.txt | common/dna_data/test_dna_stormlands.txt | common/dna_data/test_dna_vale.txt | common/dna_data/test_dna_valyrian.txt | common/dna_data/test_dna_vanity.txt | common/dna_data/test_dna_westerlands.txt
dna_missing_gene,gene_dragon_scale_highlights,298,1446,common/dna_data/test_dna_beyond_the_wall.txt | common/dna_data/test_dna_crownlands.txt | common/dna_data/test_dna_dornish.txt | common/dna_data/test_dna_easter_eggs.txt | common/dna_data/test_dna_essos.txt | common/dna_data/test_dna_iron_isles.txt | common/dna_data/test_dna_north.txt | common/dna_data/test_dna_reach.txt | common/dna_data/test_dna_riverlands.txt | common/dna_data/test_dna_stormlands.txt | common/dna_data/test_dna_vale.txt | common/dna_data/test_dna_valyrian.txt | common/dna_data/test_dna_vanity.txt | common/dna_data/test_dna_westerlands.txt
dna_missing_gene,gene_dragon_scale_shadows,298,1445,common/dna_data/test_dna_beyond_the_wall.txt | common/dna_data/test_dna_crownlands.txt | common/dna_data/test_dna_dornish.txt | common/dna_data/test_dna_easter_eggs.txt | common/dna_data/test_dna_essos.txt | common/dna_data/test_dna_iron_isles.txt | common/dna_data/test_dna_north.txt | common/dna_data/test_dna_reach.txt | common/dna_data/test_dna_riverlands.txt | common/dna_data/test_dna_stormlands.txt | common/dna_data/test_dna_vale.txt | common/dna_data/test_dna_valyrian.txt | common/dna_data/test_dna_vanity.txt | common/dna_data/test_dna_westerlands.txt
dna_missing_gene,gene_dragon_secondary_hue,186,1475,common/dna_data/test_dna_crownlands.txt | common/dna_data/test_dna_dornish.txt | common/dna_data/test_dna_essos.txt | common/dna_data/test_dna_iron_isles.txt | common/dna_data/test_dna_north.txt | common/dna_data/test_dna_reach.txt | common/dna_data/test_dna_riverlands.txt | common/dna_data/test_dna_stormlands.txt | common/dna_data/test_dna_vale.txt | common/dna_data/test_dna_valyrian.txt | common/dna_data/test_dna_vanity.txt | common/dna_data/test_dna_westerlands.txt
dna_missing_gene,gene_dragon_secondary_saturation,298,1439,common/dna_data/test_dna_beyond_the_wall.txt | common/dna_data/test_dna_crownlands.txt | common/dna_data/test_dna_dornish.txt | common/dna_data/test_dna_easter_eggs.txt | common/dna_data/test_dna_essos.txt | common/dna_data/test_dna_iron_isles.txt | common/dna_data/test_dna_north.txt | common/dna_data/test_dna_reach.txt | common/dna_data/test_dna_riverlands.txt | common/dna_data/test_dna_stormlands.txt | common/dna_data/test_dna_vale.txt | common/dna_data/test_dna_valyrian.txt | common/dna_data/test_dna_vanity.txt | common/dna_data/test_dna_westerlands.txt
dna_missing_gene,gene_dragon_secondary_value,186,1476,common/dna_data/test_dna_crownlands.txt | common/dna_data/test_dna_dornish.txt | common/dna_data/test_dna_essos.txt | common/dna_data/test_dna_iron_isles.txt | common/dna_data/test_dna_north.txt | common/dna_data/test_dna_reach.txt | common/dna_data/test_dna_riverlands.txt | common/dna_data/test_dna_stormlands.txt | common/dna_data/test_dna_vale.txt | common/dna_data/test_dna_valyrian.txt | common/dna_data/test_dna_vanity.txt | common/dna_data/test_dna_westerlands.txt
dna_missing_gene,gene_dragon_tertiary_hue,202,1477,common/dna_data/test_dna_crownlands.txt | common/dna_data/test_dna_dornish.txt | common/dna_data/test_dna_essos.txt | common/dna_data/test_dna_iron_isles.txt | common/dna_data/test_dna_north.txt | common/dna_data/test_dna_reach.txt | common/dna_data/test_dna_riverlands.txt | common/dna_data/test_dna_stormlands.txt | common/dna_data/test_dna_vale.txt | common/dna_data/test_dna_valyrian.txt | common/dna_data/test_dna_vanity.txt | common/dna_data/test_dna_westerlands.txt
dna_missing_gene,gene_dragon_tertiary_saturation,298,1440,common/dna_data/test_dna_beyond_the_wall.txt | common/dna_data/test_dna_crownlands.txt | common/dna_data/test_dna_dornish.txt | common/dna_data/test_dna_easter_eggs.txt | common/dna_data/test_dna_essos.txt | common/dna_data/test_dna_iron_isles.txt | common/dna_data/test_dna_north.txt | common/dna_data/test_dna_reach.txt | common/dna_data/test_dna_riverlands.txt | common/dna_data/test_dna_stormlands.txt | common/dna_data/test_dna_vale.txt | common/dna_data/test_dna_valyrian.txt | common/dna_data/test_dna_vanity.txt | common/dna_data/test_dna_westerlands.txt
dna_missing_gene,gene_dragon_tertiary_value,202,1478,common/dna_data/test_dna_crownlands.txt | common/dna_data/test_dna_dornish.txt | common/dna_data/test_dna_essos.txt | common/dna_data/test_dna_iron_isles.txt | common/dna_data/test_dna_north.txt | common/dna_data/test_dna_reach.txt | common/dna_data/test_dna_riverlands.txt | common/dna_data/test_dna_stormlands.txt | common/dna_data/test_dna_vale.txt | common/dna_data/test_dna_valyrian.txt | common/dna_data/test_dna_vanity.txt | common/dna_data/test_dna_westerlands.txt
dna_missing_gene,gene_dragon_wings_shading,202,1496,common/dna_data/test_dna_crownlands.txt | common/dna_data/test_dna_dornish.txt | common/dna_data/test_dna_essos.txt | common/dna_data/test_dna_iron_isles.txt | common/dna_data/test_dna_north.txt | common/dna_data/test_dna_reach.txt | common/dna_data/test_dna_riverlands.txt | common/dna_data/test_dna_stormlands.txt | common/dna_data/test_dna_vale.txt | common/dna_data/test_dna_valyrian.txt | common/dna_data/test_dna_vanity.txt | common/dna_data/test_dna_westerlands.txt
dna_missing_gene,gene_dragon_wounded,202,1493,common/dna_data/test_dna_crownlands.txt | common/dna_data/test_dna_dornish.txt | common/dna_data/test_dna_essos.txt | common/dna_data/test_dna_iron_isles.txt | common/dna_data/test_dna_north.txt | common/dna_data/test_dna_reach.txt | common/dna_data/test_dna_riverlands.txt | common/dna_data/test_dna_stormlands.txt | common/dna_data/test_dna_vale.txt | common/dna_data/test_dna_valyrian.txt | common/dna_data/test_dna_vanity.txt | common/dna_data/test_dna_westerlands.txt
dna_missing_gene,gene_face_dacals,172,1472,common/dna_data/test_dna_crownlands.txt | common/dna_data/test_dna_dornish.txt | common/dna_data/test_dna_essos.txt | common/dna_data/test_dna_iron_isles.txt | common/dna_data/test_dna_north.txt | common/dna_data/test_dna_reach.txt | common/dna_data/test_dna_riverlands.txt | common/dna_data/test_dna_stormlands.txt | common/dna_data/test_dna_vale.txt | common/dna_data/test_dna_valyrian.txt | common/dna_data/test_dna_westerlands.txt
dna_missing_gene,skin_color_saturation,53,1497,common/dna_data/test_dna_crownlands.txt | common/dna_data/test_dna_dornish.txt | common/dna_data/test_dna_essos.txt | common/dna_data/test_dna_iron_isles.txt | common/dna_data/test_dna_north.txt | common/dna_data/test_dna_reach.txt | common/dna_data/test_dna_riverlands.txt | common/dna_data/test_dna_stormlands.txt | common/dna_data/test_dna_vale.txt | common/dna_data/test_dna_valyrian.txt | common/dna_data/test_dna_westerlands.txt
dna_template,Unknown gene_dragon_main_horn_shape gene template dragon_horns_none,64,1512,common/bookmark_portraits/bookmark_209_egg.txt | common/bookmark_portraits/bookmark_284_cressen.txt | common/dna_data/test_dna_crownlands.txt | common/dna_data/test_dna_dornish.txt | common/dna_data/test_dna_iron_isles.txt | common/dna_data/test_dna_north.txt | common/dna_data/test_dna_reach.txt | common/dna_data/test_dna_riverlands.txt | common/dna_data/test_dna_stormlands.txt | common/dna_data/test_dna_valyrian.txt | common/dna_data/test_dna_vanity.txt | common/dna_data/test_dna_westerlands.txt
dna_template,Unknown gene_hair_type gene template hair_afro_no_beard,4,8518,common/dna_data/test_dna_valyrian.txt
dna_unknown_gene,gene_bs_eye_fold_2,124,1470,common/dna_data/test_dna_crownlands.txt | common/dna_data/test_dna_dornish.txt | common/dna_data/test_dna_essos.txt | common/dna_data/test_dna_iron_isles.txt | common/dna_data/test_dna_north.txt | common/dna_data/test_dna_reach.txt | common/dna_data/test_dna_riverlands.txt | common/dna_data/test_dna_stormlands.txt | common/dna_data/test_dna_vale.txt | common/dna_data/test_dna_valyrian.txt | common/dna_data/test_dna_westerlands.txt
dna_unknown_gene,gene_bs_head_round_shape,175,1471,common/bookmark_portraits/bookmark_106_alicent_hightower.txt | common/bookmark_portraits/bookmark_106_viserys_targaryen.txt | common/bookmark_portraits/bookmark_82_osmund_strong.txt | common/dna_data/test_dna_crownlands.txt | common/dna_data/test_dna_dornish.txt | common/dna_data/test_dna_essos.txt | common/dna_data/test_dna_iron_isles.txt | common/dna_data/test_dna_north.txt | common/dna_data/test_dna_reach.txt | common/dna_data/test_dna_riverlands.txt | common/dna_data/test_dna_stormlands.txt | common/dna_data/test_dna_vale.txt | common/dna_data/test_dna_valyrian.txt | common/dna_data/test_dna_westerlands.txt
dna_unknown_gene,gene_dragon_eye_hue,191,1462,common/bookmark_portraits/bookmark_106_alicent_hightower.txt | common/bookmark_portraits/bookmark_106_viserys_targaryen.txt | common/bookmark_portraits/bookmark_209_egg.txt | common/bookmark_portraits/bookmark_284_cressen.txt | common/bookmark_portraits/bookmark_82_osmund_strong.txt | common/dna_data/test_dna_crownlands.txt | common/dna_data/test_dna_dornish.txt | common/dna_data/test_dna_essos.txt | common/dna_data/test_dna_iron_isles.txt | common/dna_data/test_dna_north.txt | common/dna_data/test_dna_reach.txt | common/dna_data/test_dna_riverlands.txt | common/dna_data/test_dna_stormlands.txt | common/dna_data/test_dna_vale.txt | common/dna_data/test_dna_valyrian.txt | common/dna_data/test_dna_vanity.txt | common/dna_data/test_dna_westerlands.txt
dna_unknown_gene,gene_dragon_eye_value,191,1463,common/bookmark_portraits/bookmark_106_alicent_hightower.txt | common/bookmark_portraits/bookmark_106_viserys_targaryen.txt | common/bookmark_portraits/bookmark_209_egg.txt | common/bookmark_portraits/bookmark_284_cressen.txt | common/bookmark_portraits/bookmark_82_osmund_strong.txt | common/dna_data/test_dna_crownlands.txt | common/dna_data/test_dna_dornish.txt | common/dna_data/test_dna_essos.txt | common/dna_data/test_dna_iron_isles.txt | common/dna_data/test_dna_north.txt | common/dna_data/test_dna_reach.txt | common/dna_data/test_dna_riverlands.txt | common/dna_data/test_dna_stormlands.txt | common/dna_data/test_dna_vale.txt | common/dna_data/test_dna_valyrian.txt | common/dna_data/test_dna_vanity.txt | common/dna_data/test_dna_westerlands.txt
dna_unknown_gene,gene_dragon_highlight_hue,191,1460,common/bookmark_portraits/bookmark_106_alicent_hightower.txt | common/bookmark_portraits/bookmark_106_viserys_targaryen.txt | common/bookmark_portraits/bookmark_209_egg.txt | common/bookmark_portraits/bookmark_284_cressen.txt | common/bookmark_portraits/bookmark_82_osmund_strong.txt | common/dna_data/test_dna_crownlands.txt | common/dna_data/test_dna_dornish.txt | common/dna_data/test_dna_essos.txt | common/dna_data/test_dna_iron_isles.txt | common/dna_data/test_dna_north.txt | common/dna_data/test_dna_reach.txt | common/dna_data/test_dna_riverlands.txt | common/dna_data/test_dna_stormlands.txt | common/dna_data/test_dna_vale.txt | common/dna_data/test_dna_valyrian.txt | common/dna_data/test_dna_vanity.txt | common/dna_data/test_dna_westerlands.txt
dna_unknown_gene,gene_dragon_highlight_value,191,1461,common/bookmark_portraits/bookmark_106_alicent_hightower.txt | common/bookmark_portraits/bookmark_106_viserys_targaryen.txt | common/bookmark_portraits/bookmark_209_egg.txt | common/bookmark_portraits/bookmark_284_cressen.txt | common/bookmark_portraits/bookmark_82_osmund_strong.txt | common/dna_data/test_dna_crownlands.txt | common/dna_data/test_dna_dornish.txt | common/dna_data/test_dna_essos.txt | common/dna_data/test_dna_iron_isles.txt | common/dna_data/test_dna_north.txt | common/dna_data/test_dna_reach.txt | common/dna_data/test_dna_riverlands.txt | common/dna_data/test_dna_stormlands.txt | common/dna_data/test_dna_vale.txt | common/dna_data/test_dna_valyrian.txt | common/dna_data/test_dna_vanity.txt | common/dna_data/test_dna_westerlands.txt
dna_unknown_gene,gene_dragon_horn_hue,191,1464,common/bookmark_portraits/bookmark_106_alicent_hightower.txt | common/bookmark_portraits/bookmark_106_viserys_targaryen.txt | common/bookmark_portraits/bookmark_209_egg.txt | common/bookmark_portraits/bookmark_284_cressen.txt | common/bookmark_portraits/bookmark_82_osmund_strong.txt | common/dna_data/test_dna_crownlands.txt | common/dna_data/test_dna_dornish.txt | common/dna_data/test_dna_essos.txt | common/dna_data/test_dna_iron_isles.txt | common/dna_data/test_dna_north.txt | common/dna_data/test_dna_reach.txt | common/dna_data/test_dna_riverlands.txt | common/dna_data/test_dna_stormlands.txt | common/dna_data/test_dna_vale.txt | common/dna_data/test_dna_valyrian.txt | common/dna_data/test_dna_vanity.txt | common/dna_data/test_dna_westerlands.txt
dna_unknown_gene,gene_dragon_horn_value,191,1465,common/bookmark_portraits/bookmark_106_alicent_hightower.txt | common/bookmark_portraits/bookmark_106_viserys_targaryen.txt | common/bookmark_portraits/bookmark_209_egg.txt | common/bookmark_portraits/bookmark_284_cressen.txt | common/bookmark_portraits/bookmark_82_osmund_strong.txt | common/dna_data/test_dna_crownlands.txt | common/dna_data/test_dna_dornish.txt | common/dna_data/test_dna_essos.txt | common/dna_data/test_dna_iron_isles.txt | common/dna_data/test_dna_north.txt | common/dna_data/test_dna_reach.txt | common/dna_data/test_dna_riverlands.txt | common/dna_data/test_dna_stormlands.txt | common/dna_data/test_dna_vale.txt | common/dna_data/test_dna_valyrian.txt | common/dna_data/test_dna_vanity.txt | common/dna_data/test_dna_westerlands.txt
dna_unknown_gene,gene_dragon_scales_effect,16,1514,common/dna_data/test_dna_crownlands.txt | common/dna_data/test_dna_dornish.txt | common/dna_data/test_dna_reach.txt | common/dna_data/test_dna_riverlands.txt | common/dna_data/test_dna_stormlands.txt | common/dna_data/test_dna_valyrian.txt | common/dna_data/test_dna_westerlands.txt
dna_unknown_gene,gene_dragon_skin_hue,191,1458,common/bookmark_portraits/bookmark_106_alicent_hightower.txt | common/bookmark_portraits/bookmark_106_viserys_targaryen.txt | common/bookmark_portraits/bookmark_209_egg.txt | common/bookmark_portraits/bookmark_284_cressen.txt | common/bookmark_portraits/bookmark_82_osmund_strong.txt | common/dna_data/test_dna_crownlands.txt | common/dna_data/test_dna_dornish.txt | common/dna_data/test_dna_essos.txt | common/dna_data/test_dna_iron_isles.txt | common/dna_data/test_dna_north.txt | common/dna_data/test_dna_reach.txt | common/dna_data/test_dna_riverlands.txt | common/dna_data/test_dna_stormlands.txt | common/dna_data/test_dna_vale.txt | common/dna_data/test_dna_valyrian.txt | common/dna_data/test_dna_vanity.txt | common/dna_data/test_dna_westerlands.txt
dna_unknown_gene,gene_dragon_skin_value,191,1459,common/bookmark_portraits/bookmark_106_alicent_hightower.txt | common/bookmark_portraits/bookmark_106_viserys_targaryen.txt | common/bookmark_portraits/bookmark_209_egg.txt | common/bookmark_portraits/bookmark_284_cressen.txt | common/bookmark_portraits/bookmark_82_osmund_strong.txt | common/dna_data/test_dna_crownlands.txt | common/dna_data/test_dna_dornish.txt | common/dna_data/test_dna_essos.txt | common/dna_data/test_dna_iron_isles.txt | common/dna_data/test_dna_north.txt | common/dna_data/test_dna_reach.txt | common/dna_data/test_dna_riverlands.txt | common/dna_data/test_dna_stormlands.txt | common/dna_data/test_dna_vale.txt | common/dna_data/test_dna_valyrian.txt | common/dna_data/test_dna_vanity.txt | common/dna_data/test_dna_westerlands.txt
dna_unknown_gene,gene_eye_shut_bottom,53,1468,common/dna_data/test_dna_crownlands.txt | common/dna_data/test_dna_dornish.txt | common/dna_data/test_dna_essos.txt | common/dna_data/test_dna_iron_isles.txt | common/dna_data/test_dna_north.txt | common/dna_data/test_dna_reach.txt | common/dna_data/test_dna_riverlands.txt | common/dna_data/test_dna_stormlands.txt | common/dna_data/test_dna_vale.txt | common/dna_data/test_dna_valyrian.txt | common/dna_data/test_dna_westerlands.txt
dna_unknown_gene,gene_eye_shut_top,53,1467,common/dna_data/test_dna_crownlands.txt | common/dna_data/test_dna_dornish.txt | common/dna_data/test_dna_essos.txt | common/dna_data/test_dna_iron_isles.txt | common/dna_data/test_dna_north.txt | common/dna_data/test_dna_reach.txt | common/dna_data/test_dna_riverlands.txt | common/dna_data/test_dna_stormlands.txt | common/dna_data/test_dna_vale.txt | common/dna_data/test_dna_valyrian.txt | common/dna_data/test_dna_westerlands.txt
dna_unknown_gene,gene_eye_size,53,1466,common/dna_data/test_dna_crownlands.txt | common/dna_data/test_dna_dornish.txt | common/dna_data/test_dna_essos.txt | common/dna_data/test_dna_iron_isles.txt | common/dna_data/test_dna_north.txt | common/dna_data/test_dna_reach.txt | common/dna_data/test_dna_riverlands.txt | common/dna_data/test_dna_stormlands.txt | common/dna_data/test_dna_vale.txt | common/dna_data/test_dna_valyrian.txt | common/dna_data/test_dna_westerlands.txt
dna_unknown_gene,gene_forehead_inner_brow_width,53,1469,common/dna_data/test_dna_crownlands.txt | common/dna_data/test_dna_dornish.txt | common/dna_data/test_dna_essos.txt | common/dna_data/test_dna_iron_isles.txt | common/dna_data/test_dna_north.txt | common/dna_data/test_dna_reach.txt | common/dna_data/test_dna_riverlands.txt | common/dna_data/test_dna_stormlands.txt | common/dna_data/test_dna_vale.txt | common/dna_data/test_dna_valyrian.txt | common/dna_data/test_dna_westerlands.txt
heraldry,Failed to find textured emblem texture at path: gfx/coat_of_arms/colored_emblems/asoiaf_unicorn.dds near file: common/coat_of_arms/coat_of_arms/test_personal_coas.txt line: *,1,10197,common/coat_of_arms/coat_of_arms/test_personal_coas.txt | gfx/coat_of_arms/colored_emblems/asoiaf_unicorn.dds
heraldry,Failed to find textured emblem texture at path: gfx/coat_of_arms/colored_emblems/ce_bottom_solid.dds near file: common/coat_of_arms/coat_of_arms/test_reach_dynasties.txt line: *,1,10192,common/coat_of_arms/coat_of_arms/test_reach_dynasties.txt | gfx/coat_of_arms/colored_emblems/ce_bottom_solid.dds
heraldry,Failed to find textured emblem texture at path: gfx/coat_of_arms/colored_emblems/north_wibberly.dds near file: common/coat_of_arms/coat_of_arms/test_northern_dynasties.txt line: *,1,10198,common/coat_of_arms/coat_of_arms/test_northern_dynasties.txt | gfx/coat_of_arms/colored_emblems/north_wibberly.dds
heraldry,Failed to find textured emblem texture at path: gfx/coat_of_arms/colored_emblems/re_block_02.dds near file: common/coat_of_arms/coat_of_arms/test_reach_dynasties.txt line: *,2,10194,common/coat_of_arms/coat_of_arms/test_reach_dynasties.txt | gfx/coat_of_arms/colored_emblems/re_block_02.dds
heraldry,Failed to find textured emblem texture at path: gfx/coat_of_arms/colored_emblems/vale_seldon_rayonne.dds near file: common/coat_of_arms/coat_of_arms/test_riverland_dynasties.txt line: *,1,10200,common/coat_of_arms/coat_of_arms/test_riverland_dynasties.txt | gfx/coat_of_arms/colored_emblems/vale_seldon_rayonne.dds
localization,test_crush_desc,6,10040,
mesh_blendshape,Blend shape: gfx/models/portraits/f_clothes/asoiaf/asoiaf_westerlands/asoiaf_lannister_armours/f_asoiaf_lannister_armour_high/f_asoiaf_lannister_armour_high_bs_breast_size_max.mesh has fewer meshes than its base object: gfx/models/portraits/f_clothes/asoiaf/asoiaf_westerlands/asoiaf_lannister_armours/f_asoiaf_lannister_armour_high/f_asoiaf_lannister_armour_high.mesh,1,1193,gfx/models/portraits/f_clothes/asoiaf/asoiaf_westerlands/asoiaf_lannister_armours/f_asoiaf_lannister_armour_high/f_asoiaf_lannister_armour_high.mesh | gfx/models/portraits/f_clothes/asoiaf/asoiaf_westerlands/asoiaf_lannister_armours/f_asoiaf_lannister_armour_high/f_asoiaf_lannister_armour_high_bs_breast_size_max.mesh
mesh_blendshape,Blend shape: gfx/models/portraits/f_clothes/asoiaf/asoiaf_westerlands/asoiaf_lannister_armours/f_asoiaf_lannister_armour_high/f_asoiaf_lannister_armour_high_bs_breast_size_min.mesh has fewer meshes than its base object: gfx/models/portraits/f_clothes/asoiaf/asoiaf_westerlands/asoiaf_lannister_armours/f_asoiaf_lannister_armour_high/f_asoiaf_lannister_armour_high.mesh,1,1194,gfx/models/portraits/f_clothes/asoiaf/asoiaf_westerlands/asoiaf_lannister_armours/f_asoiaf_lannister_armour_high/f_asoiaf_lannister_armour_high.mesh | gfx/models/portraits/f_clothes/asoiaf/asoiaf_westerlands/asoiaf_lannister_armours/f_asoiaf_lannister_armour_high/f_asoiaf_lannister_armour_high_bs_breast_size_min.mesh
mesh_blendshape,Blend shape: gfx/models/portraits/f_clothes/asoiaf/asoiaf_westerlands/asoiaf_lannister_armours/f_asoiaf_lannister_armour_high/f_asoiaf_lannister_armour_high_bs_dwarf.mesh has fewer meshes than its base object: gfx/models/portraits/f_clothes/asoiaf/asoiaf_westerlands/asoiaf_lannister_armours/f_asoiaf_lannister_armour_high/f_asoiaf_lannister_armour_high.mesh,1,1200,gfx/models/portraits/f_clothes/asoiaf/asoiaf_westerlands/asoiaf_lannister_armours/f_asoiaf_lannister_armour_high/f_asoiaf_lannister_armour_high.mesh | gfx/models/portraits/f_clothes/asoiaf/asoiaf_westerlands/asoiaf_lannister_armours/f_asoiaf_lannister_armour_high/f_asoiaf_lannister_armour_high_bs_dwarf.mesh
mesh_blendshape,Blend shape: gfx/models/portraits/f_clothes/asoiaf/asoiaf_westerlands/asoiaf_lannister_armours/f_asoiaf_lannister_armour_high/f_asoiaf_lannister_armour_high_bs_fat.mesh has fewer meshes than its base object: gfx/models/portraits/f_clothes/asoiaf/asoiaf_westerlands/asoiaf_lannister_armours/f_asoiaf_lannister_armour_high/f_asoiaf_lannister_armour_high.mesh,1,1196,gfx/models/portraits/f_clothes/asoiaf/asoiaf_westerlands/asoiaf_lannister_armours/f_asoiaf_lannister_armour_high/f_asoiaf_lannister_armour_high.mesh | gfx/models/portraits/f_clothes/asoiaf/asoiaf_westerlands/asoiaf_lannister_armours/f_asoiaf_lannister_armour_high/f_asoiaf_lannister_armour_high_bs_fat.mesh
mesh_blendshape,Blend shape: gfx/models/portraits/f_clothes/asoiaf/asoiaf_westerlands/asoiaf_lannister_armours/f_asoiaf_lannister_armour_high/f_asoiaf_lannister_armour_high_bs_gaunt.mesh has fewer meshes than its base object: gfx/models/portraits/f_clothes/asoiaf/asoiaf_westerlands/asoiaf_lannister_armours/f_asoiaf_lannister_armour_high/f_asoiaf_lannister_armour_high.mesh,1,1197,gfx/models/portraits/f_clothes/asoiaf/asoiaf_westerlands/asoiaf_lannister_armours/f_asoiaf_lannister_armour_high/f_asoiaf_lannister_armour_high.mesh | gfx/models/portraits/f_clothes/asoiaf/asoiaf_westerlands/asoiaf_lannister_armours/f_asoiaf_lannister_armour_high/f_asoiaf_lannister_armour_high_bs_gaunt.mesh
mesh_blendshape,Blend shape: gfx/models/portraits/f_clothes/asoiaf/asoiaf_westerlands/asoiaf_lannister_armours/f_asoiaf_lannister_armour_high/f_asoiaf_lannister_armour_high_bs_infant.mesh has fewer meshes than its base object: gfx/models/portraits/f_clothes/asoiaf/asoiaf_westerlands/asoiaf_lannister_armours/f_asoiaf_lannister_armour_high/f_asoiaf_lannister_armour_high.mesh,1,1201,gfx/models/portraits/f_clothes/asoiaf/asoiaf_westerlands/asoiaf_lannister_armours/f_asoiaf_lannister_armour_high/f_asoiaf_lannister_armour_high.mesh | gfx/models/portraits/f_clothes/asoiaf/asoiaf_westerlands/asoiaf_lannister_armours/f_asoiaf_lannister_armour_high/f_asoiaf_lannister_armour_high_bs_infant.mesh
mesh_blendshape,Blend shape: gfx/models/portraits/f_clothes/asoiaf/asoiaf_westerlands/asoiaf_lannister_armours/f_asoiaf_lannister_armour_high/f_asoiaf_lannister_armour_high_bs_muscular.mesh has fewer meshes than its base object: gfx/models/portraits/f_clothes/asoiaf/asoiaf_westerlands/asoiaf_lannister_armours/f_asoiaf_lannister_armour_high/f_asoiaf_lannister_armour_high.mesh,1,1198,gfx/models/portraits/f_clothes/asoiaf/asoiaf_westerlands/asoiaf_lannister_armours/f_asoiaf_lannister_armour_high/f_asoiaf_lannister_armour_high.mesh | gfx/models/portraits/f_clothes/asoiaf/asoiaf_westerlands/asoiaf_lannister_armours/f_asoiaf_lannister_armour_high/f_asoiaf_lannister_armour_high_bs_muscular.mesh
mesh_blendshape,Blend shape: gfx/models/portraits/f_clothes/asoiaf/asoiaf_westerlands/asoiaf_lannister_armours/f_asoiaf_lannister_armour_high/f_asoiaf_lannister_armour_high_bs_old.mesh has fewer meshes than its base object: gfx/models/portraits/f_clothes/asoiaf/asoiaf_westerlands/asoiaf_lannister_armours/f_asoiaf_lannister_armour_high/f_asoiaf_lannister_armour_high.mesh,1,1199,gfx/models/portraits/f_clothes/asoiaf/asoiaf_westerlands/asoiaf_lannister_armours/f_asoiaf_lannister_armour_high/f_asoiaf_lannister_armour_high.mesh | gfx/models/portraits/f_clothes/asoiaf/asoiaf_westerlands/asoiaf_lannister_armours/f_asoiaf_lannister_armour_high/f_asoiaf_lannister_armour_high_bs_old.mesh
mesh_blendshape,Blend shape: gfx/models/portraits/f_clothes/asoiaf/asoiaf_westerlands/asoiaf_lannister_armours/f_asoiaf_lannister_armour_high/f_asoiaf_lannister_armour_high_bs_pregnant.mesh has fewer meshes than its base object: gfx/models/portraits/f_clothes/asoiaf/asoiaf_westerlands/asoiaf_lannister_armours/f_asoiaf_lannister_armour_high/f_asoiaf_lannister_armour_high.mesh,1,1195,gfx/models/portraits/f_clothes/asoiaf/asoiaf_westerlands/asoiaf_lannister_armours/f_asoiaf_lannister_armour_high/f_asoiaf_lannister_armour_high.mesh | gfx/models/portraits/f_clothes/asoiaf/asoiaf_westerlands/asoiaf_lannister_armours/f_asoiaf_lannister_armour_high/f_asoiaf_lannister_armour_high_bs_pregnant.mesh
mesh_blendshape,Blendshape file gfx/models/portraits/m_legwear/asoiaf/asoiaf_iron_isles/asoiaf_ironborn_legs_coa/asoiaf_greyjoy_legs_bs_no_left_leg.mesh not found. Relevant mesh file: gfx/models/portraits/m_legwear/asoiaf/asoiaf_iron_isles/asoiaf_ironborn_legs_coa/asoiaf_ironborn_legs_coa.mesh,1,1203,gfx/models/portraits/m_legwear/asoiaf/asoiaf_iron_isles/asoiaf_ironborn_legs_coa/asoiaf_greyjoy_legs_bs_no_left_leg.mesh | gfx/models/portraits/m_legwear/asoiaf/asoiaf_iron_isles/asoiaf_ironborn_legs_coa/asoiaf_ironborn_legs_coa.mesh
mesh_blendshape,"Could not find blend shape ""female_clothes_f_asoiaf_lannister_armour_high_bs_breast_size_max"" for attribute ""bs_body_breast_size_max"" in entity ""female_clothes_asoiaf_lannister_armour_high_entity""",1,1400,
mesh_blendshape,"Could not find blend shape ""female_clothes_f_asoiaf_lannister_armour_high_bs_breast_size_min"" for attribute ""bs_body_breast_size_min"" in entity ""female_clothes_asoiaf_lannister_armour_high_entity""",1,1401,
mesh_blendshape,"Could not find blend shape ""female_clothes_f_asoiaf_lannister_armour_high_bs_dwarf"" for attribute ""bs_body_dwarf_1"" in entity ""female_clothes_asoiaf_lannister_armour_high_entity""",1,1407,
mesh_blendshape,"Could not find blend shape ""female_clothes_f_asoiaf_lannister_armour_high_bs_fat"" for attribute ""bs_body_fat_1"" in entity ""female_clothes_asoiaf_lannister_armour_high_entity""",1,1403,
mesh_blendshape,"Could not find blend shape ""female_clothes_f_asoiaf_lannister_armour_high_bs_gaunt"" for attribute ""bs_body_gaunt_1"" in entity ""female_clothes_asoiaf_lannister_armour_high_entity""",1,1404,
mesh_blendshape,"Could not find blend shape ""female_clothes_f_asoiaf_lannister_armour_high_bs_infant"" for attribute ""bs_body_infant_1"" in entity ""female_clothes_asoiaf_lannister_armour_high_entity""",1,1408,
mesh_blendshape,"Could not find blend shape ""female_clothes_f_asoiaf_lannister_armour_high_bs_muscular"" for attribute ""bs_body_muscular_1"" in entity ""female_clothes_asoiaf_lannister_armour_high_entity""",1,1405,
mesh_blendshape,"Could not find blend shape ""female_clothes_f_asoiaf_lannister_armour_high_bs_old"" for attribute ""bs_body_old_1"" in entity ""female_clothes_asoiaf_lannister_armour_high_entity""",1,1406,
mesh_blendshape,"Could not find blend shape ""female_clothes_f_asoiaf_lannister_armour_high_bs_pregnant"" for attribute ""bs_body_pregnant_1"" in entity ""female_clothes_asoiaf_lannister_armour_high_entity""",1,1402,
mesh_duplicates,"Duplicate texture 'male_cloaks_secular_shouldercape_01_diffuse.dds' found (current path 'gfx/models/portraits/m_cloaks/asoiaf/asoiaf_westerlands/asoiaf_lannister_cloaks/asoiaf_lannister_cloak_royal/male_cloaks_secular_shouldercape_01_diffuse.dds', previous path 'gfx/models/portraits/m_cloaks/agot/shouldercape/male_cloaks_secular_shouldercape_01_diffuse.dds')",1,1214,gfx/models/portraits/m_cloaks/agot/shouldercape/male_cloaks_secular_shouldercape_01_diffuse.dds | gfx/models/portraits/m_cloaks/asoiaf/asoiaf_westerlands/asoiaf_lannister_cloaks/asoiaf_lannister_cloak_royal/male_cloaks_secular_shouldercape_01_diffuse.dds
mesh_duplicates,"Duplicate texture 'male_cloaks_secular_shouldercape_01_masks.dds' found (current path 'gfx/models/portraits/m_cloaks/asoiaf/asoiaf_westerlands/asoiaf_lannister_cloaks/asoiaf_lannister_cloak_royal/male_cloaks_secular_shouldercape_01_masks.dds', previous path 'gfx/models/portraits/m_cloaks/agot/shouldercape/male_cloaks_secular_shouldercape_01_masks.dds')",1,1215,gfx/models/portraits/m_cloaks/agot/shouldercape/male_cloaks_secular_shouldercape_01_masks.dds | gfx/models/portraits/m_cloaks/asoiaf/asoiaf_westerlands/asoiaf_lannister_cloaks/asoiaf_lannister_cloak_royal/male_cloaks_secular_shouldercape_01_masks.dds
mesh_duplicates,"Duplicate texture 'male_cloaks_secular_shouldercape_01_normal.dds' found (current path 'gfx/models/portraits/m_cloaks/asoiaf/asoiaf_westerlands/asoiaf_lannister_cloaks/asoiaf_lannister_cloak_royal/male_cloaks_secular_shouldercape_01_normal.dds', previous path 'gfx/models/portraits/m_cloaks/agot/shouldercape/male_cloaks_secular_shouldercape_01_normal.dds')",1,1216,gfx/models/portraits/m_cloaks/agot/shouldercape/male_cloaks_secular_shouldercape_01_normal.dds | gfx/models/portraits/m_cloaks/asoiaf/asoiaf_westerlands/asoiaf_lannister_cloaks/asoiaf_lannister_cloak_royal/male_cloaks_secular_shouldercape_01_normal.dds
mesh_duplicates,"Duplicate texture 'male_cloaks_secular_shouldercape_01_properties.dds' found (current path 'gfx/models/portraits/m_cloaks/asoiaf/asoiaf_westerlands/asoiaf_lannister_cloaks/asoiaf_lannister_cloak_royal/male_cloaks_secular_shouldercape_01_properties.dds', previous path 'gfx/models/portraits/m_cloaks/agot/shouldercape/male_cloaks_secular_shouldercape_01_properties.dds')",1,1217,gfx/models/portraits/m_cloaks/agot/shouldercape/male_cloaks_secular_shouldercape_01_properties.dds | gfx/models/portraits/m_cloaks/asoiaf/asoiaf_westerlands/asoiaf_lannister_cloaks/asoiaf_lannister_cloak_royal/male_cloaks_secular_shouldercape_01_properties.dds
mesh_duplicates,"a 3d-type with the name ""female_cloaks_secular_shouldercape_01_mesh"" already exists!",1,1192,
mesh_duplicates,"a 3d-type with the name ""male_cloaks_secular_shouldercape_01_mesh"" already exists!",1,1202,
mesh_uv,"Asset ""gfx/models/portraits/f_cloaks/asoiaf/asoiaf_crownlands/f_asoiaf_gold_cloak_cloak/f_asoiaf_gold_cloak_cloak.mesh"" has more than 3 UV channels. This is not supported and will be ignored.",1,1247,gfx/models/portraits/f_cloaks/asoiaf/asoiaf_crownlands/f_asoiaf_gold_cloak_cloak/f_asoiaf_gold_cloak_cloak.mesh
mesh_uv,"Asset ""gfx/models/portraits/f_clothes/asoiaf/asoiaf_crownlands/asoiaf_dragonstone/f_asoiaf_dragonstone_armour_low/f_asoiaf_dragonstone_armour_low.mesh"" has more than 3 UV channels. This is not supported and will be ignored.",1,1229,gfx/models/portraits/f_clothes/asoiaf/asoiaf_crownlands/asoiaf_dragonstone/f_asoiaf_dragonstone_armour_low/f_asoiaf_dragonstone_armour_low.mesh
mesh_uv,"Asset ""gfx/models/portraits/f_clothes/asoiaf/asoiaf_crownlands/f_asoiaf_gold_cloak_armour/f_asoiaf_gold_cloak_armour.mesh"" has more than 3 UV channels. This is not supported and will be ignored.",1,1299,gfx/models/portraits/f_clothes/asoiaf/asoiaf_crownlands/f_asoiaf_gold_cloak_armour/f_asoiaf_gold_cloak_armour.mesh
mesh_uv,"Asset ""gfx/models/portraits/f_clothes/asoiaf/asoiaf_religious_clothing/asoiaf_silent_sister_robes/f_asoiaf_silent_sister_robes.mesh"" has more than 3 UV channels. This is not supported and will be ignored.",1,1372,gfx/models/portraits/f_clothes/asoiaf/asoiaf_religious_clothing/asoiaf_silent_sister_robes/f_asoiaf_silent_sister_robes.mesh
mesh_uv,"Asset ""gfx/models/portraits/f_headgears/asoiaf/asoiaf_crownlands/f_asoiaf_gold_cloak_helm/f_asoiaf_gold_cloak_helm.mesh"" has more than 3 UV channels. This is not supported and will be ignored.",1,1306,gfx/models/portraits/f_headgears/asoiaf/asoiaf_crownlands/f_asoiaf_gold_cloak_helm/f_asoiaf_gold_cloak_helm.mesh
mesh_uv,"Asset ""gfx/models/portraits/f_jewellery/asoiaf/asoiaf_generic/asoiaf_shark_tooth_necklace/f_asoiaf_shark_tooth_necklace.mesh"" has more than 3 UV channels. This is not supported and will be ignored.",1,1354,gfx/models/portraits/f_jewellery/asoiaf/asoiaf_generic/asoiaf_shark_tooth_necklace/f_asoiaf_shark_tooth_necklace.mesh
mesh_uv,"Asset ""gfx/models/portraits/f_legwear/asoiaf/asoiaf_crownlands/f_asoiaf_dragonstone_legs/f_asoiaf_dragonstone_legs.mesh"" has more than 3 UV channels. This is not supported and will be ignored.",1,1344,gfx/models/portraits/f_legwear/asoiaf/asoiaf_crownlands/f_asoiaf_dragonstone_legs/f_asoiaf_dragonstone_legs.mesh
mesh_uv,"Asset ""gfx/models/portraits/f_legwear/asoiaf/asoiaf_crownlands/f_asoiaf_gold_cloak_legs/f_asoiaf_gold_cloak_legs.mesh"" has more than 3 UV channels. This is not supported and will be ignored.",1,1222,gfx/models/portraits/f_legwear/asoiaf/asoiaf_crownlands/f_asoiaf_gold_cloak_legs/f_asoiaf_gold_cloak_legs.mesh
mesh_uv,"Asset ""gfx/models/portraits/f_legwear/asoiaf/asoiaf_generic/f_asoiaf_leather_boots_1/f_asoiaf_leather_boots_1.mesh"" has more than 3 UV channels. This is not supported and will be ignored.",1,1365,gfx/models/portraits/f_legwear/asoiaf/asoiaf_generic/f_asoiaf_leather_boots_1/f_asoiaf_leather_boots_1.mesh
mesh_uv,"Asset ""gfx/models/portraits/f_legwear/asoiaf/asoiaf_iron_isles/f_asoiaf_greyjoy_legs/f_asoiaf_greyjoy_legs.mesh"" has more than 3 UV channels. This is not supported and will be ignored.",1,1263,gfx/models/portraits/f_legwear/asoiaf/asoiaf_iron_isles/f_asoiaf_greyjoy_legs/f_asoiaf_greyjoy_legs.mesh
mesh_uv,"Asset ""gfx/models/portraits/m_cloaks/asoiaf/asoiaf_crownlands/asoiaf_gold_cloak_cloak/asoiaf_gold_cloak_cloak.mesh"" has more than 3 UV channels. This is not supported and will be ignored.",1,1239,gfx/models/portraits/m_cloaks/asoiaf/asoiaf_crownlands/asoiaf_gold_cloak_cloak/asoiaf_gold_cloak_cloak.mesh
mesh_uv,"Asset ""gfx/models/portraits/m_clothes/asoiaf/asoiaf_crownlands/asoiaf_dragonstone/asoiaf_dragonstone_armour_low/asoiaf_dragonstone_armour_low.mesh"" has more than 3 UV channels. This is not supported and will be ignored.",1,1227,gfx/models/portraits/m_clothes/asoiaf/asoiaf_crownlands/asoiaf_dragonstone/asoiaf_dragonstone_armour_low/asoiaf_dragonstone_armour_low.mesh
mesh_uv,"Asset ""gfx/models/portraits/m_clothes/asoiaf/asoiaf_crownlands/asoiaf_gold_cloak_armour/asoiaf_gold_cloak_armour.mesh"" has more than 3 UV channels. This is not supported and will be ignored.",1,1356,gfx/models/portraits/m_clothes/asoiaf/asoiaf_crownlands/asoiaf_gold_cloak_armour/asoiaf_gold_cloak_armour.mesh
mesh_uv,"Asset ""gfx/models/portraits/m_clothes/asoiaf/asoiaf_iron_isles/asoiaf_greyjoy_armour_dynast/asoiaf_greyjoy_armour_dynast.mesh"" has more than 3 UV channels. This is not supported and will be ignored.",2,1230,gfx/models/portraits/m_clothes/asoiaf/asoiaf_iron_isles/asoiaf_greyjoy_armour_dynast/asoiaf_greyjoy_armour_dynast.mesh
mesh_uv,"Asset ""gfx/models/portraits/m_clothes/asoiaf/asoiaf_iron_isles/asoiaf_greyjoy_armour_high/asoiaf_greyjoy_armour_high.mesh"" has more than 3 UV channels. This is not supported and will be ignored.",1,1293,gfx/models/portraits/m_clothes/asoiaf/asoiaf_iron_isles/asoiaf_greyjoy_armour_high/asoiaf_greyjoy_armour_high.mesh
mesh_uv,"Asset ""gfx/models/portraits/m_clothes/asoiaf/asoiaf_iron_isles/asoiaf_ironborn_armour_dynast_coa/asoiaf_ironborn_armour_dynast_coa.mesh"" has more than 3 UV channels. This is not supported and will be ignored.",2,1289,gfx/models/portraits/m_clothes/asoiaf/asoiaf_iron_isles/asoiaf_ironborn_armour_dynast_coa/asoiaf_ironborn_armour_dynast_coa.mesh
mesh_uv,"Asset ""gfx/models/portraits/m_clothes/asoiaf/asoiaf_iron_isles/asoiaf_ironborn_armour_high_coa/asoiaf_ironborn_armour_high_coa.mesh"" has more than 3 UV channels. This is not supported and will be ignored.",1,1362,gfx/models/portraits/m_clothes/asoiaf/asoiaf_iron_isles/asoiaf_ironborn_armour_high_coa/asoiaf_ironborn_armour_high_coa.mesh
mesh_uv,"Asset ""gfx/models/portraits/m_clothes/asoiaf/asoiaf_reach/asoiaf_tyrell_armour_high/asoiaf_tyrell_armour_high.mesh"" has more than 3 UV channels. This is not supported and will be ignored.",1,1251,gfx/models/portraits/m_clothes/asoiaf/asoiaf_reach/asoiaf_tyrell_armour_high/asoiaf_tyrell_armour_high.mesh
mesh_uv,"Asset ""gfx/models/portraits/m_clothes/asoiaf/asoiaf_religious_clothing/asoiaf_drowned_man_robes/asoiaf_drowned_man_robes_high/asoiaf_drowned_man_robes_high.mesh"" has more than 3 UV channels. This is not supported and will be ignored.",1,1346,gfx/models/portraits/m_clothes/asoiaf/asoiaf_religious_clothing/asoiaf_drowned_man_robes/asoiaf_drowned_man_robes_high/asoiaf_drowned_man_robes_high.mesh
mesh_uv,"Asset ""gfx/models/portraits/m_clothes/asoiaf/asoiaf_religious_clothing/asoiaf_drowned_man_robes/asoiaf_drowned_man_robes_low/asoiaf_drowned_man_robes_low.mesh"" has more than 3 UV channels. This is not supported and will be ignored.",1,1297,gfx/models/portraits/m_clothes/asoiaf/asoiaf_religious_clothing/asoiaf_drowned_man_robes/asoiaf_drowned_man_robes_low/asoiaf_drowned_man_robes_low.mesh
mesh_uv,"Asset ""gfx/models/portraits/m_clothes/asoiaf/asoiaf_religious_clothing/asoiaf_septon_robes/asoiaf_septon_robes_1/asoiaf_septon_robes_1.mesh"" has more than 3 UV channels. This is not supported and will be ignored.",1,1364,gfx/models/portraits/m_clothes/asoiaf/asoiaf_religious_clothing/asoiaf_septon_robes/asoiaf_septon_robes_1/asoiaf_septon_robes_1.mesh
mesh_uv,"Asset ""gfx/models/portraits/m_clothes/asoiaf/asoiaf_religious_clothing/asoiaf_septon_robes/asoiaf_septon_robes_2/asoiaf_septon_robes_2.mesh"" has more than 3 UV channels. This is not supported and will be ignored.",1,1308,gfx/models/portraits/m_clothes/asoiaf/asoiaf_religious_clothing/asoiaf_septon_robes/asoiaf_septon_robes_2/asoiaf_septon_robes_2.mesh
mesh_uv,"Asset ""gfx/models/portraits/m_clothes/asoiaf/asoiaf_stepstones/asoiaf_pirate_prince_tunic/asoiaf_pirate_prince_tunic.mesh"" has more than 3 UV channels. This is not supported and will be ignored.",1,1252,gfx/models/portraits/m_clothes/asoiaf/asoiaf_stepstones/asoiaf_pirate_prince_tunic/asoiaf_pirate_prince_tunic.mesh
mesh_uv,"Asset ""gfx/models/portraits/m_headgears/asoiaf/asoiaf_crownlands/asoiaf_gold_cloak_helm/asoiaf_gold_cloak_helm.mesh"" has more than 3 UV channels. This is not supported and will be ignored.",1,1305,gfx/models/portraits/m_headgears/asoiaf/asoiaf_crownlands/asoiaf_gold_cloak_helm/asoiaf_gold_cloak_helm.mesh
mesh_uv,"Asset ""gfx/models/portraits/m_headgears/asoiaf/asoiaf_nights_watch/asoiaf_nights_watch_hood/asoiaf_nights_watch_hood.mesh"" has more than 3 UV channels. This is not supported and will be ignored.",1,1310,gfx/models/portraits/m_headgears/asoiaf/asoiaf_nights_watch/asoiaf_nights_watch_hood/asoiaf_nights_watch_hood.mesh
mesh_uv,"Asset ""gfx/models/portraits/m_headgears/asoiaf/asoiaf_reach/asoiaf_tyrell_helm_high/asoiaf_tyrell_helm_high.mesh"" has more than 3 UV channels. This is not supported and will be ignored.",1,1361,gfx/models/portraits/m_headgears/asoiaf/asoiaf_reach/asoiaf_tyrell_helm_high/asoiaf_tyrell_helm_high.mesh
mesh_uv,"Asset ""gfx/models/portraits/m_headgears/asoiaf/asoiaf_reach/asoiaf_tyrell_helm_low/asoiaf_tyrell_helm_low.mesh"" has more than 3 UV channels. This is not supported and will be ignored.",1,1219,gfx/models/portraits/m_headgears/asoiaf/asoiaf_reach/asoiaf_tyrell_helm_low/asoiaf_tyrell_helm_low.mesh
mesh_uv,"Asset ""gfx/models/portraits/m_jewellery/asoiaf/asoiaf_generic/asoiaf_shark_tooth_necklace/asoiaf_shark_tooth_necklace.mesh"" has more than 3 UV channels. This is not supported and will be ignored.",1,1233,gfx/models/portraits/m_jewellery/asoiaf/asoiaf_generic/asoiaf_shark_tooth_necklace/asoiaf_shark_tooth_necklace.mesh
mesh_uv,"Asset ""gfx/models/portraits/m_jewellery/asoiaf/asoiaf_religious_jewellery/asoiaf_septon_jewellery/asoiaf_septon_necklace_1/asoiaf_septon_necklace_1.mesh"" has more than 3 UV channels. This is not supported and will be ignored.",1,1234,gfx/models/portraits/m_jewellery/asoiaf/asoiaf_religious_jewellery/asoiaf_septon_jewellery/asoiaf_septon_necklace_1/asoiaf_septon_necklace_1.mesh
mesh_uv,"Asset ""gfx/models/portraits/m_legwear/asoiaf/asoiaf_crownlands/asoiaf_dragonstone_legs/asoiaf_dragonstone_legs.mesh"" has more than 3 UV channels. This is not supported and will be ignored.",1,1244,gfx/models/portraits/m_legwear/asoiaf/asoiaf_crownlands/asoiaf_dragonstone_legs/asoiaf_dragonstone_legs.mesh
mesh_uv,"Asset ""gfx/models/portraits/m_legwear/asoiaf/asoiaf_crownlands/asoiaf_gold_cloak_legs/asoiaf_gold_cloak_legs.mesh"" has more than 3 UV channels. This is not supported and will be ignored.",1,1248,gfx/models/portraits/m_legwear/asoiaf/asoiaf_crownlands/asoiaf_gold_cloak_legs/asoiaf_gold_cloak_legs.mesh
mesh_uv,"Asset ""gfx/models/portraits/m_legwear/asoiaf/asoiaf_generic/asoiaf_leather_boots_1/asoiaf_leather_boots_1.mesh"" has more than 3 UV channels. This is not supported and will be ignored.",1,1246,gfx/models/portraits/m_legwear/asoiaf/asoiaf_generic/asoiaf_leather_boots_1/asoiaf_leather_boots_1.mesh
mesh_uv,"Asset ""gfx/models/portraits/m_legwear/asoiaf/asoiaf_generic/asoiaf_leather_boots_4/asoiaf_leather_boots_4.mesh"" has more than 3 UV channels. This is not supported and will be ignored.",1,1355,gfx/models/portraits/m_legwear/asoiaf/asoiaf_generic/asoiaf_leather_boots_4/asoiaf_leather_boots_4.mesh
mesh_uv,"Asset ""gfx/models/portraits/m_legwear/asoiaf/asoiaf_generic/asoiaf_leather_boots_6/asoiaf_leather_boots_6.mesh"" has more than 3 UV channels. This is not supported and will be ignored.",1,1242,gfx/models/portraits/m_legwear/asoiaf/asoiaf_generic/asoiaf_leather_boots_6/asoiaf_leather_boots_6.mesh
mesh_uv,"Asset ""gfx/models/portraits/m_legwear/asoiaf/asoiaf_generic/asoiaf_slippers_1/asoiaf_slippers_1.mesh"" has more than 3 UV channels. This is not supported and will be ignored.",1,1228,gfx/models/portraits/m_legwear/asoiaf/asoiaf_generic/asoiaf_slippers_1/asoiaf_slippers_1.mesh
mesh_uv,"Asset ""gfx/models/portraits/m_legwear/asoiaf/asoiaf_iron_isles/asoiaf_greyjoy_legs/asoiaf_greyjoy_legs.mesh"" has more than 3 UV channels. This is not supported and will be ignored.",1,1250,gfx/models/portraits/m_legwear/asoiaf/asoiaf_iron_isles/asoiaf_greyjoy_legs/asoiaf_greyjoy_legs.mesh
mesh_uv,"Asset ""gfx/models/portraits/m_legwear/asoiaf/asoiaf_iron_isles/asoiaf_ironborn_legs_coa/asoiaf_ironborn_legs_coa.mesh"" has more than 3 UV channels. This is not supported and will be ignored.",1,1291,gfx/models/portraits/m_legwear/asoiaf/asoiaf_iron_isles/asoiaf_ironborn_legs_coa/asoiaf_ironborn_legs_coa.mesh
mesh_uv,UV-Set: 1 in mesh 'asoiaf_leather_boots_2Shape' in file 'gfx/models/portraits/m_legwear/asoiaf/asoiaf_generic/asoiaf_leather_boots_2/asoiaf_leather_boots_2.mesh' has no valid triangle to use when calculating texture streaming factor. Texture streaming needs a triangle with an area.,1,1269,gfx/models/portraits/m_legwear/asoiaf/asoiaf_generic/asoiaf_leather_boots_2/asoiaf_leather_boots_2.mesh
mesh_uv,UV-Set: 1 in mesh 'asoiaf_nights_watch_cloak_1Shape' in file 'gfx/models/portraits/m_cloaks/asoiaf/asoiaf_nights_watch/asoiaf_nights_watch_cloak_1/asoiaf_nights_watch_cloak_1.mesh' has no valid triangle to use when calculating texture streaming factor. Texture streaming needs a triangle with an area.,2,1302,gfx/models/portraits/m_cloaks/asoiaf/asoiaf_nights_watch/asoiaf_nights_watch_cloak_1/asoiaf_nights_watch_cloak_1.mesh
mesh_uv,UV-Set: 1 in mesh 'asoiaf_nights_watch_leatherShape' in file 'gfx/models/portraits/m_clothes/asoiaf/asoiaf_nights_watch/asoiaf_nights_watch_leather/asoiaf_nights_watch_leather.mesh' has no valid triangle to use when calculating texture streaming factor. Texture streaming needs a triangle with an area.,1,1363,gfx/models/portraits/m_clothes/asoiaf/asoiaf_nights_watch/asoiaf_nights_watch_leather/asoiaf_nights_watch_leather.mesh
mesh_uv,UV-Set: 1 in mesh 'asoiaf_nights_watch_legsShape' in file 'gfx/models/portraits/m_legwear/asoiaf/asoiaf_nights_watch/asoiaf_nights_watch_legs/asoiaf_nights_watch_legs.mesh' has no valid triangle to use when calculating texture streaming factor. Texture streaming needs a triangle with an area.,1,1307,gfx/models/portraits/m_legwear/asoiaf/asoiaf_nights_watch/asoiaf_nights_watch_legs/asoiaf_nights_watch_legs.mesh
mesh_uv,UV-Set: 1 in mesh 'asoiaf_red_keep_wallsShape' in file 'gfx/models/court/rooms/asoiaf_red_keep/asoiaf_court_red_keep.mesh' has no valid triangle to use when calculating texture streaming factor. Texture streaming needs a triangle with an area.,1,1267,gfx/models/court/rooms/asoiaf_red_keep/asoiaf_court_red_keep.mesh
mesh_uv,UV-Set: 1 in mesh 'asoiaf_tywin_tunic_1Shape' in file 'gfx/models/portraits/m_clothes/asoiaf/asoiaf_westerlands/asoiaf_tywin_tunics/asoiaf_tywin_tunic_1/asoiaf_tywin_tunic_1.mesh' has no valid triangle to use when calculating texture streaming factor. Texture streaming needs a triangle with an area.,1,1287,gfx/models/portraits/m_clothes/asoiaf/asoiaf_westerlands/asoiaf_tywin_tunics/asoiaf_tywin_tunic_1/asoiaf_tywin_tunic_1.mesh
mesh_uv,UV-Set: 1 in mesh 'f_asoiaf_manderly_armour_lowShape' in file 'gfx/models/portraits/f_clothes/asoiaf/asoiaf_north/asoiaf_manderly_armours/f_asoiaf_manderly_armour_low/f_asoiaf_manderly_armour_low.mesh' has no valid triangle to use when calculating texture streaming factor. Texture streaming needs a triangle with an area.,2,1235,gfx/models/portraits/f_clothes/asoiaf/asoiaf_north/asoiaf_manderly_armours/f_asoiaf_manderly_armour_low/f_asoiaf_manderly_armour_low.mesh
mesh_uv,UV-Set: 1 in mesh 'f_asoiaf_nights_watch_cloak_1Shape' in file 'gfx/models/portraits/f_cloaks/asoiaf/asoiaf_nights_watch/f_asoiaf_nights_watch_cloak_1/f_asoiaf_nights_watch_cloak_1.mesh' has no valid triangle to use when calculating texture streaming factor. Texture streaming needs a triangle with an area.,2,1236,gfx/models/portraits/f_cloaks/asoiaf/asoiaf_nights_watch/f_asoiaf_nights_watch_cloak_1/f_asoiaf_nights_watch_cloak_1.mesh
mesh_uv,UV-Set: 1 in mesh 'f_asoiaf_shoes_1Shape' in file 'gfx/models/portraits/f_legwear/asoiaf/asoiaf_generic/f_asoiaf_shoes_1/f_asoiaf_shoes_1.mesh' has no valid triangle to use when calculating texture streaming factor. Texture streaming needs a triangle with an area.,1,1288,gfx/models/portraits/f_legwear/asoiaf/asoiaf_generic/f_asoiaf_shoes_1/f_asoiaf_shoes_1.mesh
mesh_uv,UV-Set: 1 in mesh 'f_asoiaf_westerlands_mourning_1Shape' in file 'gfx/models/portraits/f_clothes/asoiaf/asoiaf_westerlands/asoiaf_westerlands_mourning_1/f_asoiaf_westerlands_mourning_1.mesh' has no valid triangle to use when calculating texture streaming factor. Texture streaming needs a triangle with an area.,1,1268,gfx/models/portraits/f_clothes/asoiaf/asoiaf_westerlands/asoiaf_westerlands_mourning_1/f_asoiaf_westerlands_mourning_1.mesh
mesh_uv,UV-Set: 2 in mesh 'asoiaf_nights_watch_cloak_1Shape' in file 'gfx/models/portraits/m_cloaks/asoiaf/asoiaf_nights_watch/asoiaf_nights_watch_cloak_1/asoiaf_nights_watch_cloak_1.mesh' has no valid triangle to use when calculating texture streaming factor. Texture streaming needs a triangle with an area.,1,1303,gfx/models/portraits/m_cloaks/asoiaf/asoiaf_nights_watch/asoiaf_nights_watch_cloak_1/asoiaf_nights_watch_cloak_1.mesh
mesh_uv,UV-Set: 2 in mesh 'asoiaf_storms_end_chapletsShape' in file 'gfx/models/court/rooms/asoiaf_storms_end/asoiaf_court_storms_end.mesh' has no valid triangle to use when calculating texture streaming factor. Texture streaming needs a triangle with an area.,7,1371,gfx/models/court/rooms/asoiaf_storms_end/asoiaf_court_storms_end.mesh
mesh_uv,UV-Set: 2 in mesh 'asoiaf_storms_end_decorationsShape' in file 'gfx/models/court/rooms/asoiaf_storms_end/asoiaf_court_storms_end.mesh' has no valid triangle to use when calculating texture streaming factor. Texture streaming needs a triangle with an area.,4,1396,gfx/models/court/rooms/asoiaf_storms_end/asoiaf_court_storms_end.mesh
mesh_uv,UV-Set: 2 in mesh 'asoiaf_storms_end_wallsShape' in file 'gfx/models/court/rooms/asoiaf_storms_end/asoiaf_court_storms_end.mesh' has no valid triangle to use when calculating texture streaming factor. Texture streaming needs a triangle with an area.,10,1386,gfx/models/court/rooms/asoiaf_storms_end/asoiaf_court_storms_end.mesh
mesh_uv,UV-Set: 2 in mesh 'f_asoiaf_nights_watch_cloak_1Shape' in file 'gfx/models/portraits/f_cloaks/asoiaf/asoiaf_nights_watch/f_asoiaf_nights_watch_cloak_1/f_asoiaf_nights_watch_cloak_1.mesh' has no valid triangle to use when calculating texture streaming factor. Texture streaming needs a triangle with an area.,1,1237,gfx/models/portraits/f_cloaks/asoiaf/asoiaf_nights_watch/f_asoiaf_nights_watch_cloak_1/f_asoiaf_nights_watch_cloak_1.mesh
modifier_unused,asoiaf_Karstark_4_modifier,1,10784,
modifier_unused,asoiaf_oathkeeper_modifier,1,10782,
modifier_unused,asoiaf_stark_throne_modifier,1,10783,
orphan_events,asoiaf_mega_war_events.0001,1,10838,
orphan_events,asoiaf_young_griff_landing_events.2,1,10839,
portrait_rules,"Error: ""Unexpected token: accesory, near line: *""",1,9935,gfx/portraits/portrait_modifiers/asoiaf_character_custom_flags.txt
portrait_rules,"Error: ""Unknown trigger: is_character_baratheon_3, near line: *""",2,9954,gfx/portraits/portrait_modifiers/asoiaf_headgear_crowns.txt
portrait_rules,"Error: ""Unknown trigger: is_character_baratheon_4, near line: *""",2,9956,gfx/portraits/portrait_modifiers/asoiaf_headgear_crowns.txt
portrait_rules,"Error: ""Unknown trigger: is_character_baratheon_5, near line: *
Unknown trigger: is_character_baratheon_6, near line: *
Unknown trigger: is_character_baratheon_7, near line: *""",2,9958,gfx/portraits/portrait_modifiers/asoiaf_headgear_crowns.txt
portrait_rules,"Error: ""Unknown trigger: liege.has_religion, near line: *""",2,9942,gfx/portraits/portrait_modifiers/asoiaf_clothes.txt
portrait_rules,"Error: ""Unknown trigger: portrait_wear_lannister_armour_torso_courtiers, near line: *""",1,9895,gfx/portraits/portrait_modifiers/asoiaf_character_custom_flags.txt
portrait_rules,Failed to find a valid event target link 'has_religion',2,9941,gfx/portraits/portrait_modifiers/asoiaf_clothes.txt
portrait_templates,Can't find accessory 'male_clothes_religious_catholic_high_1' in gene template religious_catholic_high_clothes,1,9940,gfx/portraits/portrait_modifiers/asoiaf_clothes.txt
portrait_templates,Can't find accessory 'male_hair_fp1_09' in gene template agot_all_hairstyles,1,9948,gfx/portraits/portrait_modifiers/asoiaf_hairs_custom_flags.txt
portrait_templates,Can't find accessory 'male_legwear_asoiaf_hound_legs' in gene template asoiaf_all_legwears,1,9945,gfx/portraits/portrait_modifiers/asoiaf_clothes_armor.txt
portrait_templates,Can't find accessory 'male_legwear_asoiaf_kingsguard_legs_1' in gene template asoiaf_all_legwears,1,9964,gfx/portraits/portrait_modifiers/asoiaf_legwear_armour.txt
portrait_templates,Can't find accessory 'male_legwear_asoiaf_kingsguard_legs_2' in gene template asoiaf_all_legwears,1,9965,gfx/portraits/portrait_modifiers/asoiaf_legwear_armour.txt
portrait_templates,Failed to find accessory group for asoiaf_fots_religious_clothes,1,9939,gfx/portraits/portrait_modifiers/asoiaf_character_custom_flags.txt
portrait_templates,Mismatch in gene type - only accessory is expected here,1,9762,gfx/portraits/portrait_modifiers/asoiaf_character_custom_flags.txt
portrait_templates,Need a value set,1,9936,gfx/portraits/portrait_modifiers/asoiaf_character_custom_flags.txt
portrait_templates,could not find gene [secondary_headgear],1,9760,gfx/portraits/portrait_modifiers/asoiaf_character_custom_flags.txt
portrait_templates,could not find template [asoiaf_fots_religious_clothes],1,9938,gfx/portraits/portrait_modifiers/asoiaf_character_custom_flags.txt
portrait_templates,could not find template [body_hair_average],1,9818,gfx/portraits/portrait_modifiers/asoiaf_character_custom_flags.txt
portrait_templates,could not find template [complexion_beauty_2],1,9809,gfx/portraits/portrait_modifiers/asoiaf_character_custom_flags.txt
portrait_templates,could not find template [dragon_horns_small],2,9946,gfx/portraits/portrait_modifiers/asoiaf_dragon_appearance_flags.txt
portrait_templates,could not find template [head_top_height_neg],5,9949,gfx/portraits/portrait_modifiers/asoiaf_headgear_armor.txt
portrait_templates,could not find template [high_valyrian_war_legwear],1,9966,gfx/portraits/portrait_modifiers/asoiaf_legwear_armour.txt
portrait_templates,could not find template [no_headgear],2,9763,gfx/portraits/portrait_modifiers/asoiaf_character_custom_flags.txt
portrait_templates,could not find template [none],166,9765,gfx/portraits/portrait_modifiers/asoiaf_character_custom_flags.txt
portrait_templates,could not find template [one_eyed_gem_saphire],1,9767,gfx/portraits/portrait_modifiers/asoiaf_character_custom_flags.txt
portrait_templates,could not find template [stormlands_war_04_legwear],1,9967,gfx/portraits/portrait_modifiers/asoiaf_legwear_armour.txt
portrait_templates,gene is invalid,1,9761,gfx/portraits/portrait_modifiers/asoiaf_character_custom_flags.txt
variable_not_set,asoiaf_Stark_100_cc,2,10715,
variable_not_set,asoiaf_Stark_101_cc,2,10705,
variable_not_set,asoiaf_Stark_102_cc,2,10720,
variable_not_set,asoiaf_Stark_103_cc,2,10729,
variable_not_set,asoiaf_Stark_10_cc,2,10724,
variable_not_set,asoiaf_Stark_11_cc,2,10712,
variable_not_set,asoiaf_Stark_1_cc,2,10707,
variable_not_set,asoiaf_Stark_2_cc,2,10703,
variable_not_set,asoiaf_Stark_3_cc,2,10717,
variable_not_set,asoiaf_Stark_4_cc,2,10725,
variable_not_set,asoiaf_Stark_5_cc,2,10718,
variable_not_set,asoiaf_Stark_6_cc,2,10719,
variable_not_set,asoiaf_Stark_7_cc,2,10734,
variable_not_set,asoiaf_Stark_84_cc,2,10693,
variable_not_set,asoiaf_Stark_86_cc,2,10733,
variable_not_set,asoiaf_Stark_87_cc,2,10709,
variable_not_set,asoiaf_Stark_88_cc,2,10714,
variable_not_set,asoiaf_Stark_8_cc,2,10692,
variable_not_set,asoiaf_Stark_94_cc,2,10722,
variable_not_set,asoiaf_Stark_95_cc,2,10711,
variable_not_set,asoiaf_Stark_96_cc,2,10694,
variable_not_set,asoiaf_Stark_97_cc,2,10698,
variable_not_set,asoiaf_Stark_98_cc,2,10728,
variable_not_set,asoiaf_Stark_99_cc,2,10702,
variable_not_set,asoiaf_Stark_9_cc,2,10713,
variable_not_set,asoiaf_targaryen_invasion_claimant,2,10778,
variable_not_set,faegon_main_character,2,10723,
variable_not_set,is_jon_snow,2,10697,
variable_not_set,kingsguard_armour,2,10699,
variable_unused,agot_faegon_jae_birth_year,2,10748,
variable_unused,agot_faegon_jon_snow_char,2,10755,
variable_unused,asoiaf_canon_children_Arryn_3_born_variable,2,10746,
variable_unused,asoiaf_canon_children_Arryn_80_born_variable,2,10762,
variable_unused,asoiaf_canon_children_Arryn_84_born_variable,2,10752,
variable_unused,asoiaf_canon_children_Baelish_2_born_variable,2,10744,
variable_unused,asoiaf_canon_children_Baratheon_75_born_variable,2,10760,
variable_unused,asoiaf_canon_children_Baratheon_baby_born_variable,2,10750,
variable_unused,asoiaf_canon_children_Cole_11_born_variable,2,10738,
variable_unused,asoiaf_canon_children_Dayne_1_born_variable,2,10774,
variable_unused,asoiaf_canon_children_Greyjoy_5_born_variable,2,10769,
variable_unused,asoiaf_canon_children_Hightower_90_born_variable,2,10767,
variable_unused,asoiaf_canon_children_Karstark_4_born_variable,2,10741,
variable_unused,asoiaf_canon_children_Lannister_129_born_variable,2,10777,
variable_unused,asoiaf_canon_children_Martell_4_born_variable,2,10768,
variable_unused,asoiaf_canon_children_Reed_1_born_variable,2,10739,
variable_unused,asoiaf_canon_children_Stark_1_born_variable,2,10756,
variable_unused,asoiaf_canon_children_Stark_84_born_variable,2,10761,
variable_unused,asoiaf_canon_children_Strong_28_born_variable,2,10766,
variable_unused,asoiaf_canon_children_Strong_29_born_variable,2,10757,
variable_unused,asoiaf_canon_children_Targaryen_27_born_variable,2,10740,
variable_unused,asoiaf_canon_children_Targaryen_28_born_variable,2,10742,
variable_unused,asoiaf_canon_children_Targaryen_29_born_variable,2,10776,
variable_unused,asoiaf_canon_children_Targaryen_95_born_variable,2,10751,
variable_unused,asoiaf_canon_children_Targaryen_96_born_variable,2,10764,
variable_unused,asoiaf_canon_children_Tarly_1_born_variable,2,10775,
variable_unused,asoiaf_canon_children_Tully_1_born_variable,2,10772,
variable_unused,asoiaf_canon_children_Tully_9_born_variable,2,10773,
variable_unused,asoiaf_canon_children_Tyrell_4_born_variable,2,10759,
variable_unused,asoiaf_canon_children_Velaryon_31_born_variable,2,10771,
variable_unused,asoiaf_is_krakenfall,2,10749,
variable_unused,asoiaf_is_needle,2,10735,
variable_unused,asoiaf_is_red_vipers_spear,2,10754,
variable_unused,color,2,10765,
variable_unused,color_grading,2,10770,
variable_unused,dark_sister_artifact,2,10745,
