"File","SHA256"
"common/activities/activity_types/agot_dragon_hatching.txt","6529D15E97523DC6733A787E7934AECDDF23221F4E655438612366258E4BA9EB"
"common/buildings/00_mde_buildings_override.txt","B89C45A17AE8257C25971377C5332D780730BF9034F94AE49B86808B32ABC147"
"common/character_interactions/00_agot_dragonkeeper_interactions.txt","26A28171576023445704AE3E2FFD71FB186CFC70BF0BCAF4C9B5CFE783E64AC9"
"common/character_interactions/00_agot_dragon_interactions.txt","D9F6C11D4AE082E82AB1F1F61952385380D95E3518DF436AF63734944E50ED73"
"common/character_interactions/00_artifact_interactions.txt","62F9473F5CC1E34778047A48B1A8EE13FA0CFFEB423C8552EF08E800F8722E34"
"common/character_interactions/00_mde_character_interactions.txt","3B3566D3365F676BD21216980BF583E2EF6F8984976FD7CE32D7ED88BD1193E1"
"common/character_memory_types/mde_character_memories.txt","BD146E46E7FA2C659F3F4F02FBD0F5ED2E6E569AA881967EF968E4B9A6AB953B"
"common/court_positions/types/00_mde_court_position_override.txt","F226EA02E82C7919AE78A0F4D26E794ABAEEA08F30EBBE4D41D35074CF34D9ED"
"common/customizable_localization/00_mde_ingame_gamerules_loc.txt","33F324955105E24A5C335BD09757B0D6EE66BBFF04B93629C033506C35AEBB3F"
"common/customizable_localization/00_more_dragon_eggs_loc.txt","62E2899ECD29FC4D9A5B2B0E5FDD6E6B79085C5DD313CCCDF71C885386C7E1ED"
"common/decisions/agot_decisions/00_agot_dragon_decisions.txt","478A95635AF14D71EB6714E6CFEF46C4FE2973B48D7082E185DE790AB7519D92"
"common/decisions/agot_decisions/00_more_dragon_eggs_decisions.txt","253C3471531152D7C82625C1C98F25125B49655C288C8E1C75A7D25A1652ECBC"
"common/decision_group_types/00_more_eggs_decision_group.txt","CD009A8BAB47877D72325D353D06B0C7156E874788CA1E3961C03BCEA4236009"
"common/domiciles/buildings/00_mde_camp_buildings.txt","2B9F01553CECE9DC314EB1CED173EAB67318D005871B395F454A96164495E19A"
"common/game_rules/00_more_dragon_eggs_game_rules.txt","554E9F763978520C995EFC38F8FB34EE7DEF054FE65DC990923968FD19D27357"
"common/laws/02_mde_realm_laws.txt","CC2AEE096B6DF18AFFC013DF6AA76C6422DA6896B68FC2ABA4DC4BACF8F248A3"
"common/messages/00_mde_messages.txt","CE9F3468CA419B32399C165ADFFC675AD53994697B2AE74DB0155AF38AA186C3"
"common/message_filter_types/00_mde_message_filter_types.txt","CBEB30882202A26C5A458C4BE673F6098152009FBAD3872CFD6F3BB3F115191E"
"common/nicknames/00_mde_nicknames.txt","DF29D00519B500AF7C3DC1C5348C93B5FF99D20C2C3585902216FA1516D16189"
"common/on_action/mde_domicile_on_action.txt","B13007E2FEE6B55E5FBB48BE4A71E498B1F28D653D133E2F8C5A1D4329E9EED0"
"common/on_action/mde_on_death.txt","FC69C7332BD8F3A69F59F161963B356AC13E504D9E39430309FF725BB41629EC"
"common/on_action/travel_on_actions.txt","8729EE3F1C9218684EE694968D0F72BE44BE5CE482A4B0F93FE8D42B4BA76A73"
"common/on_action/agot_on_actions/agot_dragon_cradling_on_action.txt","5FE933EC03AB0092857EAA25D22F50CAEE06C44744A83A938F026A3F72276E88"
"common/on_action/agot_on_actions/dp_travel_on_action.txt","0C8723442FCA34B2DED5BD15CDC8728190274CB9BF0606491F2C5BE3D3D59910"
"common/on_action/agot_on_actions/mde_kingsguard_on_action.txt","F76A4F3BED8CB4410AFEBEB54DA7509E16E2462453FCC337CF36706AE36E71AB"
"common/on_action/agot_on_actions/mde_menu_button_availability_on_action.txt","B0FE3F0C34C441CD28BC1B779366F71B4056398AC098EB023EECC66DFBAA219B"
"common/on_action/agot_on_actions/mde_on_game_start.txt","79F6E39FB61509C4C550723CD0BD8807879DAD6666175799ACB3DAB96C9FF09D"
"common/on_action/agot_on_actions/mde_yearly_on_actions.txt","B2FDDF1FFDDF13E7984A4B78F65158955BE067323CFD56F366042AF3DA851998"
"common/opinion_modifiers/00_mde_imprisonment_opinions.txt","1079EBE5DD89F1FE656DE822B9373312A3880BD6AA4145B226F3A591EE875274"
"common/scripted_animations/00_mde_dragon_egg_color.txt","E464FAA523374DC84A427EAE819E2C50F6F01ECED65C412C66EE3F79DB1C3A62"
"common/scripted_effects/00_agot_dragonpit_effects.txt","1678B50C812F2E82AE9F5C852228871BB7ADDEBAF5BD82E105B39FBC1F127025"
"common/scripted_effects/00_agot_dragon_canon_dragons_effects.txt","F8BD17BC2C7FE485059251544C8EA34F86AC7DE6924F641CC52DC856B7DBE96F"
"common/scripted_effects/00_agot_dragon_effects.txt","B68441F6C158AEDD0CFE9F8858B8913F5C85675E89CB91EDB7B897429FB226A4"
"common/scripted_effects/00_agot_dragon_eggs_effects.txt","7721D2ACA9716AF875BD07BD4B7DA906C12BFCDA0CBF036DAB496759B47F98B8"
"common/scripted_effects/00_agot_dragon_spawning_effects.txt","CCEC4BF61D3AC2F8A5C0AB5B72BAF46CB40682D67E483A4660A9804C92F304D4"
"common/scripted_effects/00_mde_build_game_rule_variables.txt","A15826CA31B5F32F5D5D2703E9F2CB90098F4D1A084BDB983B39386E6A15143E"
"common/scripted_effects/00_mde_canon_clutches_scripted_effects.txt","2C340B58498550CF6A79E1E2901A60CE5A297C7D1C1C8FDCFA668EC7965AD0EE"
"common/scripted_effects/00_mde_dragoncoop_scripted_effects.txt","D5FB008E284BE3F646344F1DB6468E7A40BCFA11E8220157B3A273B207FAB277"
"common/scripted_effects/00_mde_dragon_animation_effects.txt","DA6ACE7EFEB61CCE2B319DB67DFABE2A67E7DCE7CB90FFAF81CDE8EC307F2514"
"common/scripted_effects/00_mde_dragon_appearance_effects.txt","DADB813E411D82116E408E9857B8D47F7DA1BC1C8920D482ECDC8A566240822B"
"common/scripted_effects/00_mde_dragon_cannibal_effect_override.txt","888F60427A817C3883CF72281B073B2AEA5C24CB548A43791DC1215B90E7D137"
"common/scripted_effects/00_mde_dragon_canon_dragons_effects.txt","DF529727EF75CEA566AF3AD763A67BAE4C3AC4C0FE697F5A0454D194744DDEFF"
"common/scripted_effects/00_mde_dragon_customizer_lock_effects.txt","7C99CC8B8C7E3738882C3E2CD09316AA81C65642628D962083049FB8E4009A72"
"common/scripted_effects/00_mde_dragon_marriage_effects.txt","F1945CD6C19E56B3C1C78943EF5EC18116907A4CA1EFC40A57D48AB1DB7ADFC5"
"common/scripted_effects/00_mde_dragon_tree_effects_override.txt","C815FA56E6463A325A199F354C1493CB20E8D58EF114EED0F2F1CC80A24FAAC6"
"common/scripted_effects/00_mde_kingsguard_effects.txt","BB168F59C55C0ECEFFEFD4991EB869CC21C074DCB510F0E3DB89E6DBB245439C"
"common/scripted_effects/00_mde_menu_button_effects.txt","F385C9D903E5BDEF9C6610104C4C38ED65512DC531FF0C6CEA3BABCB5F50CD27"
"common/scripted_effects/00_mde_scenario_dragon_artifacts_override.txt","5A8B1237A7477836AA3F757A4F56AC10AF26DFA084AB9B5CBC7E145DB0E8BC83"
"common/scripted_effects/00_mde_scripted_effects.txt","52D2DD0A52C5302E9687FCDF7580D28CC14E1F5FF2F7A9417657C68D2C17C9F2"
"common/scripted_effects/00_mde_scripted_effects_canon_dragon_eggs.txt","76DB566E88F57B87B9E4D95A2403833E3B882B7FB2D9EAA31FA0D0BE82982109"
"common/scripted_effects/00_mde_secret_effects.txt","A6C5C78B259F907907E2AECFEFD7B565CD9ED605EBD86CFB889B6A397DDA46F7"
"common/scripted_effects/00_secret_effects.txt","8C596B0EBCD905AA27822E9F520820F0A7ECEE77D7E42BDEDC4ED1D45AC4AE2E"
"common/scripted_effects/07_dlc_ep3_scripted_effects.txt","C96114612331C326277F01AC250A1A6EDC6EB73EBC8E4FDD84E785A272874C16"
"common/scripted_guis/00_agot_dragons_scripted_gui.txt","609DB3CD8896EED1FECC50C0D8B5D50920616624C512F312B858533DD19219FD"
"common/scripted_guis/00_mde_dragon_customizer_lock_gui.txt","7E4FB04D3576BD87826478A27B6739403ADC93576B013D7D86AAC5775276417A"
"common/scripted_guis/00_mde_dragon_customizer_scripted_gui.txt","0CC96FE4DDF68B4FDECEF69774244DEF32C943322DBE80ABCED23543FF65EE67"
"common/scripted_guis/00_mde_dragon_portrait_scripted_gui.txt","BB31F5F545DE2581BB0007E02FBFA5E268D32D5EB445DBD89C8A229A496D8C97"
"common/scripted_guis/00_mde_game_rule_sgui.txt","61FD9A78138EB5F844BD093EE5D29329AED5038B0A986765483CA56CAD0AE082"
"common/scripted_guis/00_mde_lock_values_gui.txt","0CC96FE4DDF68B4FDECEF69774244DEF32C943322DBE80ABCED23543FF65EE67"
"common/scripted_guis/00_mde_menu_sgui.txt","6CA7FD9AD9D5059ABB580ACD994A7BC9B881FC90572D90308DC67124EB76AB2F"
"common/scripted_guis/00_more_dragon_eggs_scripted_gui.txt","B47CFE215AFE0D99387192FB66B267855583DB3060E9F25E93428AE6D3A307FE"
"common/scripted_triggers/00_agot_canon_dragons_triggers.txt","9F66341E593FCD7A17E3175284B1A28BB6DFCD68298CEEF741D0732031AD8C6E"
"common/scripted_triggers/00_agot_dragon_triggers.txt","C79B33E907E5F1232E4A4C18C465D20AFEF682890675C96400D4B6551EAA736D"
"common/scripted_triggers/00_more_dragon_eggs_scripted_triggers.txt","024CAB6BDB720FA42B0622D054C015DA8F2B4CC6BBF4D7E68CEAEF8F1F396EB6"
"common/script_values/00_mde_game_rule_values.txt","D5D72AA1A35808C6B84ACF22AC408748B77D40FEE0268C7F10091ED103FBBBAA"
"common/script_values/00_more_dragon_egg_values.txt","BC2F36DA8E0F27A927819687882285474EC3BEB5DC583C91143A9829A1DDFA84"
"common/secret_types/agot_secret_types.txt","A20D386B02578D51B0266C87EDA488E9B8DC5F10BA6AA6C11A83CE666472CD17"
"common/story_cycles/agot_story_cycle_dragon.txt","D1B6A045477CCA8D4618A07012F1975228C2FF0114496F3FE40A974FDF8319FE"
"common/story_cycles/mde_story_cycle_menu_buttons.txt","053CA2A3D572BC8847D837E5A9345545EF36EDE00B0BF00B55B0E14500084D7B"
"common/travel/point_of_interest_types/more_dragon_eggs_travel_point_of_interest.txt","3971C0CB65B4C48DB5F99031934840192A27EE7CD86CECC13374058DCDA82A8E"
"common/trigger_localization/00_mde_triggers.txt","21F587AA36DF44353562C12DC05FF0AD4B7627D37455809CD157CD87D1D8F75D"
"events/activities/agot_hatching_activity/agot_dragon_hatching_activity_events.txt","F1A1A7D5B18457992023C0E13861957FECBE85C6D1DB969E2990591A06618E74"
"events/activities/agot_hatching_activity/agot_hatching_dragonlore_events.txt","B24B1AAC0ADA43B959BF26F16D3352A150A0D8A0DB43EC2DF14A88E73E5D8FE8"
"events/agot_decisions_events/agot_minor_decisions_events.txt","25D9023198F09D04205F4E742DAA01ACA5AB365365646AD72B9D07BEF1CFFB9A"
"events/agot_decisions_events/mde_decision_events.txt","EA6D8564950E7BC1E3FC9857A212155690577678DF68D7A704036CBDE3B932C6"
"events/agot_events/agot_adventurers_events.txt","6F21B6086EBEEF409A7BE651841166021B39149D95A047166FF06407A0C810B1"
"events/agot_events/agot_dragon_egg_events.txt","ABE3C9DA6BC02D3E17A4E44CC57F01CAC4187E4E6E207630DA00A66B031B15F0"
"events/agot_events/agot_dragon_pits_events.txt","B164477D74EAF9F13E20E952479BC704C9C4521F76CA2BFC41797F2688BCD7AE"
"events/agot_events/agot_ruins_events.txt","AD180A5C3B95F0383313D50BB283FFA15CD2D86F12E7963236D14210BD74D3F3"
"events/agot_events/agot_scenario_ninepenny_kings_events.txt","E2F60882E5C845811A0E0C054841B42981B1B0A11BF37737AF238A1D23AA6581"
"events/agot_events/agot_targaryen_invasion_events.txt","B940A50056C48475C0604D216846C183415B86C1B95D4FECA2310DE975279834"
"events/agot_events/mde_canon_dragon_clutch_events.txt","1E4A6542E4FEEEC7F54C0537861BB96CFB27742A1344C7A8541003D11BA59188"
"events/agot_events/more_dragon_eggs_events.txt","7D4FD00E53494CB2AF634A11D1F415A2B62217A80250544E0C9702B752291194"
"events/agot_filler/00_agot_crownlands_filler_events.txt","9CFD2FF0C678B36A5CF70FAFD553B6A291BF957F0AE3835A2C3D62AEB2CEE9EF"
"events/agot_filler/00_agot_the_north_filler_events.txt","BF2907CCFA1DF3F3F664B9070909A233A52FED7C2BAAF2163E6ABF50D52B7B13"
"events/agot_travel_events/agot_travel_events.txt","10BC3CB9DB098F29726CBCCA0B5358B44679AC5CFB250435391CE9CB5C62A12C"
"events/dlc/ep3/ep3_laamp_events.txt","9D4EA8C69605F06A4DD00F28B575C8E1B070F318892926B1A4917542BEB4C1A5"
"events/dragon_egg_events/mde_demand_egg_events.txt","4F6935E8C674AF051FE5DE7DB4A294C4B330D4ABA621C8FE6FE2F5B038A6B48B"
"events/dragon_egg_events/mde_dragon_egg_events.txt","EF4E9BAF372C412A6E04863DF6F07D086C426081098EBE9AD7CA73ED47D7B243"
"events/mde_events/mde_error_suppresion_events.txt","5E813FDE5D7E8ED5BF52373A4DA9052145664C6C5D4DF2FF8C090E524BDE8815"
"events/mde_events/mde_menu_events.txt","2091F1CCF63A6B768D7A1BF08D7D57EB17749AF3B67153508856D920C77FAE85"
"gui/dragon_management_buttons_widget.gui","DE98D5F1D81945CDC61B8475DB57CE95DB1FBC78338D9507D0F85CAA2198A77A"
"gui/dragon_viewer.gui","0B9F4F113DF544CE3774B2AA62071E2DDE97B03599F16CBE4C62A60FD6140D53"
"gui/hud.gui","2FE5D94501844431F119CAFF100638DAAF95479BAE75CD58A60135E568BFA361"
"gui/mde_artifact_icons.gui","B9E339EDFDD66F6FB1B39A9F3409C8C1F4319960285C34F54909936C7CEBB886"
"gui/window_message_popup.gui","134854E051C4419E965BBAE8BC5706B7D53474800142D7517FCBDEDC68167A9F"
"gui/custom_gui/agot_dragon_customizer.gui","BA7CBFB15C646D53B845A547E76D5AF7D9B5AFCD94E9B29C65DA1603CF451B82"
"gui/custom_gui/mde_gui/dragonblood_viewer.gui","48DC5C2687E6F715D49625AFEDC711593D84BE92588D330BA04A2603EC885F74"
"gui/custom_gui/mde_gui/dragonpits_viewer.gui","F58FC5C93BD228D247980823BB2258A0CA831B358A57B494AAFA1C177714A4BA"
"gui/custom_gui/mde_gui/dragonpit_single_viewer.gui","6E18459641A070DFFA287E84A65D64F461C76A97157C7086C8B2C40C970E2BF1"
"gui/custom_gui/mde_gui/dragon_management_buttons_widget.gui","848FD76C1E3C8B6D0512238F623D46FA29BA17210B7699EFAD4E528CE47168BC"
"gui/custom_gui/mde_gui/dragon_move_viewer.gui","B1EAC15529EC8314E572AA61A9E29DC22A047025EBF0F06722772AA60D568978"
"gui/custom_gui/mde_gui/dragon_viewer.gui","39D0AEA4A73F45F7A3753F77131F53EFD2A2D3DFBD39D8EE9A471171382D5883"
"gui/custom_gui/mde_gui/egg_viewer.gui","F20C83BF9D44AFD7DEC916FE120B8EE180DE828C4F7C9706E2C6A7677BB5484E"
"gui/custom_gui/mde_gui/kingsguard_viewer.gui","2A7F17123E6EC92F419620ABEBE231F7EB7853F77569B868A39FB79C711ACD85"
"gui/custom_gui/mde_gui/mde_hud.gui","0190954B3DEFFA0135BB2F0656B934A8F100DBE66A143062BA7E62FE40921BBA"
"gui/custom_gui/mde_gui/mde_menu_menu.gui","0F8A40D88C173902CDADC28EE06C9D0D5B765C95A02B6ED0382850881AD510C8"
"gui/custom_gui/mde_gui/mde_pause_menu_reset_widget.gui","97A7A947EC96E41AADFD2953DE62BFED429E55F1B2499B127CDAAC47F3C710D6"
"gui/custom_gui/mde_gui/valyrian_steel_viewer.gui","AFD440F33BA17FD0B6EDC5ED8A9E98CEFCD3C4AEC912CDA735A10FFB9B405E8A"
"gui/event_window_widgets/agot_dragon_customizer.gui","C0D389F4BC0464506FD4488F3238CA948BDD1A65FD452EF9FB62E4258B1B8961"
"gui/event_window_widgets/mde_hatching_egg_selection.gui","1F49D1F91525102129296116FDC05D5C29CE2DE93941F83C52508938E60CEAA7"
"gui/scripted_widgets/dragon_management_buttons.txt","D3DA23D6A8EE543BF023BC1572BCCD04F3EF3CA863A9FD7E6126E564309E942D"
"gui/shared/mde_buttons_icons.gui","63917E2155FEB107DCD41C42CAE1C1764A500FC8597DA40F68FCD39A3206BD5F"
"gui/shared/mde_manage_button_window.gui","CB238451063A15BA491CEAC634958FDE441D1B027B9268BAA06A81B31048F30A"
"gui/shared/mde_portraits.gui","483FEDF131270F48F628C39EF31D1B5D3D107BAFDA9329EABD208B898C055F6E"
"gui/shared/mde_texticons.gui","CD80F0857165D30AAA66B533051CC5BF4C515E2555C9C38763DD4FE1967400F0"
"data_binding/00_mde_macros.txt","2979689CEEFB292DFD6C2B68F54E11A7517BF6A8128CFE307E81930B3859A7B3"
